District,State_UT,NFHS_Households_Surveyed,Female_6plus_Ever_Attended_School_pct,Population_Below_15_pct,Sex_Ratio_Females_per_1000_Males,Households_Electricity_pct,Improved_Drinking_Water_pct,Improved_Sanitation_pct,Clean_Cooking_Fuel_pct,Health_Insurance_Coverage_pct,Women_15_49_Literate_pct,ANC_4plus_pct,Institutional_Births_pct,Skilled_Birth_Attendance_pct,Fully_Vaccinated_12_23m_pct,Diarrhoea_Taken_to_Health_Facility_pct,ARI_Taken_to_Health_Facility_pct,Under5_Stunted_pct,Children_6_59m_Anaemic_pct,Population_2011,Rural_Population_2011,Sub_Centres,PHCs,CHCs,Sub_Divisional_Hospitals,District_Hospitals,PHCs_per_100k_rural,CHCs_per_100k_rural,SubCentres_per_100k_rural,PHC_coverage_vs_general_norm,CHC_coverage_vs_general_norm,District_Match_Score,District_Match_Method
Srikakulam,Andhra Pradesh,874,59.99,20.71,1139.51,99.91,87.73,71.58,74.7,75.63,64.32,78.41,97.94,96.38,,,,19.66,59.61,2703114,2266411,850,99,13,4,2,4.368139759293438,0.5735941098062091,37.50423025655982,1.3104419277880317,0.6883129317674509,100.0,Exact
Vizianagaram,Andhra Pradesh,902,55.95,20.56,1114.35,99.52,93.1,61.74,60.3,76.69,58.32,71.35,99.01,97.61,,,,36.4,66.74,2344474,1853563,673,88,8,3,2,4.747613110533605,0.4316011918666913,36.30845026578541,1.4242839331600814,0.5179214302400297,100.0,Exact
Visakhapatnam,Andhra Pradesh,869,66.76,21.35,1066.43,99.57,91.78,77.77,72.87,64.92,69.54,58.59,95.25,94.35,,,,30.96,72.61,4290589,2254667,808,163,10,4,2,7.229448960755623,0.4435244761199768,35.836777670494136,2.168834688226687,0.5322293713439723,96.2962962962963,Fuzzy
East Godavari,Andhra Pradesh,888,75.39,20.45,995.49,98.82,97.88,77.73,80.34,66.36,77.87,50.95,96.63,89.85,,,,23.11,66.76,5154296,3840324,1288,163,25,4,1,4.244433542586511,0.6509867396605078,33.53883682730936,1.2733300627759534,0.7811840875926095,100.0,Exact
West Godavari,Andhra Pradesh,884,75.4,21.48,998.55,99.34,99.07,80.78,86.83,67.57,76.97,62.73,98.7,98.47,,,,31.44,62.34,3936966,3128189,940,128,10,6,1,4.091824375061737,0.3196737793016982,30.04933525435963,1.2275473125185212,0.3836085351620378,100.0,Exact
Krishna,Andhra Pradesh,865,74.02,20.44,1063.63,99.55,94.38,79.14,89.82,68.08,76.85,73.3,98.93,98.03,,,,29.84,65.7,4517398,2673738,855,152,13,2,1,5.684925000130903,0.4862106908006693,31.977703125736326,1.7054775000392708,0.5834528289608032,100.0,Exact
Guntur,Andhra Pradesh,851,64.88,22.41,1055.16,99.19,99.25,83.44,91.65,71.08,68.48,62.47,98.61,95.54,,,,23.82,59.28,4887813,3235075,885,163,17,3,1,5.0385230636074905,0.5254901354682657,27.35639822878913,1.511556919082247,0.630588162561919,100.0,Exact
Prakasam,Andhra Pradesh,821,58.13,23.08,1010.57,99.27,98.57,78.43,90.78,67.58,62.83,73.4,97.4,97.92,,,,22.56,62.61,3397448,2732866,911,115,13,4,1,4.208036544784852,0.4756910876713311,33.334967759121746,1.2624109634354557,0.5708293052055974,100.0,Exact
Y.S.R.,Andhra Pradesh,910,61.9,24.1,1058.05,99.75,99.85,85.35,94.25,73.34,63.76,82.75,99.43,100.0,82.99,,60.32,34.43,60.6,2882469,1903337,681,110,9,4,1,5.779323367328014,0.4728537300541102,35.779265574094346,1.7337970101984042,0.5674244760649323,100.0,Exact
Kurnool,Andhra Pradesh,870,55.23,25.91,1044.64,99.88,97.88,73.48,78.08,73.32,56.97,74.25,88.52,90.55,67.04,,73.11,50.53,70.75,4053463,2904177,926,131,17,4,1,4.510744352014357,0.5853637708720921,31.885108931032786,1.3532233056043073,0.7024365250465107,100.0,Exact
Anantapur,Andhra Pradesh,882,59.45,24.26,1047.36,99.61,98.8,71.25,86.42,73.24,63.55,66.61,94.7,98.33,,,,35.96,55.75,4081148,2935437,910,129,15,6,1,4.394575662839979,0.510997170097672,31.000494985925435,1.3183726988519937,0.6131966041172064,100.0,Exact
Chittoor,Andhra Pradesh,865,65.63,22.59,1024.32,99.74,98.46,74.62,86.63,70.66,69.32,65.28,97.1,97.55,,,84.37,27.06,54.87,4174064,2942678,1070,136,17,5,2,4.6216405600612775,0.5777050700076597,36.36143675930564,1.3864921680183833,0.6932460840091916,100.0,Exact
Tawang,Arunachal Pradesh,905,59.32,27.33,1062.73,99.72,99.77,81.7,88.1,33.5,59.08,37.61,84.18,89.85,67.53,,,30.37,89.61,49977,38775,12,6,2,0,1,15.473887814313343,5.157962604771115,30.94777562862669,4.642166344294004,6.189555125725339,100.0,Exact
West Kameng,Arunachal Pradesh,959,73.01,21.68,970.52,97.5,99.76,88.88,88.93,38.29,73.69,27.59,93.57,92.03,,,,24.23,66.62,83947,68015,22,5,5,0,1,7.351319561861354,7.351319561861354,32.34580607218996,2.2053958685584063,8.821583474233625,100.0,Exact
East Kameng,Arunachal Pradesh,940,63.05,31.23,985.38,86.28,93.58,75.55,49.47,25.05,62.16,29.12,75.96,80.31,60.83,,,35.67,51.65,78690,60340,17,8,1,0,1,13.25820351342393,1.6572754391779914,28.17368246602585,3.977461054027179,1.988730527013589,100.0,Exact
Papum Pare,Arunachal Pradesh,950,77.64,30.51,1039.37,98.72,92.89,75.7,81.3,26.94,78.22,39.28,87.99,86.52,60.72,,44.04,29.72,53.38,176573,79610,37,17,4,0,0,21.354101243562365,5.024494410249969,46.476573294812205,6.40623037306871,6.029393292299963,100.0,Exact
Upper Subansiri,Arunachal Pradesh,988,61.35,27.31,1052.16,86.96,94.73,80.93,32.77,21.49,64.31,32.11,76.95,81.34,68.45,,,36.79,60.42,83448,70043,23,5,4,0,1,7.1384720814356895,5.710777665148552,32.83697157460417,2.141541624430707,6.8529331981782615,100.0,Exact
Upper Siang,Arunachal Pradesh,935,69.45,25.8,894.05,99.46,99.82,91.75,36.32,34.6,74.37,34.01,75.98,78.75,,,,30.37,51.01,35320,28780,13,2,4,0,1,6.949270326615705,13.89854065323141,45.17025712300209,2.0847810979847115,16.67824878387769,100.0,Exact
Lower Subansiri,Arunachal Pradesh,986,73.12,22.0,1015.7,97.83,98.14,82.8,60.81,24.45,76.8,39.08,89.77,92.61,,,,30.69,52.44,83030,70224,23,5,2,0,1,7.120072909546594,2.848029163818637,32.75233538391433,2.136021872863978,3.4176349965823647,100.0,Exact
Dibang Valley,Arunachal Pradesh,925,67.57,22.06,982.93,79.23,100.0,94.99,49.26,28.69,77.83,40.38,85.52,88.09,,,,16.88,88.56,8004,5620,5,1,0,0,1,17.793594306049823,0.0,88.9679715302491,5.338078291814947,0.0,100.0,Exact
Lower Dibang Valley,Arunachal Pradesh,968,76.81,24.52,1009.65,84.39,99.52,89.88,57.38,36.79,81.56,48.62,90.12,93.74,73.8,,,14.26,51.51,54080,42691,13,4,4,0,1,9.36965636785271,9.36965636785271,30.451383195521306,2.810896910355813,11.24358764142325,100.0,Exact
Anjaw,Arunachal Pradesh,932,61.52,23.18,939.24,96.39,86.61,86.82,29.01,17.47,67.89,32.32,77.95,78.98,,,,23.56,57.11,21167,20185,8,6,4,0,1,29.72504334902155,19.816695566014367,39.633391132028734,8.917513004706466,23.78003467921724,100.0,Exact
East Siang,Arunachal Pradesh,976,76.82,23.09,1058.6,97.28,97.27,83.89,52.44,30.5,83.76,34.26,90.84,89.23,,,,24.62,51.51,99214,71579,16,9,2,0,1,12.573520166529288,2.7941155925620644,22.352924740496515,3.772056049958787,3.352938711074477,100.0,Exact
Kurung Kumey,Arunachal Pradesh,542,72.57,30.96,997.3,99.2,99.79,78.33,57.28,13.43,76.45,44.11,69.16,69.71,,,,29.2,62.39,92076,89731,13,4,2,0,1,4.457768218341487,2.2288841091707434,14.487746709609834,1.3373304655024465,2.674660931004893,100.0,Exact
Lohit,Arunachal Pradesh,964,73.26,27.67,1001.05,98.91,96.88,83.66,63.88,31.88,73.43,39.61,90.24,92.3,,,,24.46,52.48,145726,113296,13,4,2,0,1,3.530574777573789,1.7652873887868945,11.474368027114814,1.0591724332721366,2.118344866544273,100.0,Exact
Tirap,Arunachal Pradesh,961,69.01,26.83,963.97,98.77,93.81,86.67,50.42,30.84,75.09,35.68,70.24,73.85,66.33,,,38.62,48.39,111975,91165,10,7,1,0,1,7.678385345253113,1.096912192179016,10.96912192179016,2.3035156035759337,1.316294630614819,100.0,Exact
West Siang,Arunachal Pradesh,945,73.6,23.69,1018.03,88.21,99.06,87.74,57.13,26.56,77.92,30.42,84.57,87.56,,,,24.49,45.58,112274,87306,15,6,2,0,1,6.872379905161158,2.290793301720386,17.18094976290289,2.0617139715483472,2.7489519620644627,100.0,Exact
Kokrajhar,Assam,897,75.17,29.49,1024.62,93.94,87.3,72.2,43.32,50.18,73.73,36.93,81.91,81.98,51.06,,,34.62,74.65,887142,832201,161,46,2,1,1,5.527510781650106,0.2403265557239176,19.34628773577537,1.6582532344950318,0.2883918668687012,100.0,Exact
Goalpara,Assam,917,78.5,29.98,1006.91,89.56,90.73,75.31,36.26,71.13,74.06,44.06,92.34,94.16,70.32,,50.91,38.92,60.69,1008183,870121,155,37,7,0,1,4.252282153861359,0.8044858128926897,17.813614428338127,1.275684646158408,0.9653829754712276,100.0,Exact
Barpeta,Assam,914,75.39,30.05,1026.78,88.87,98.14,63.65,38.66,58.9,74.79,43.59,87.6,87.57,54.62,,,29.78,63.45,1693622,1546269,264,50,11,1,1,3.2335900157087805,0.7113898034559316,17.07335528294236,0.970077004712634,0.8536677641471181,100.0,Exact
Lakhimpur,Assam,916,83.23,28.09,982.98,97.21,81.22,74.22,36.07,66.97,83.86,51.67,96.16,96.82,69.04,,48.01,38.5,69.34,1042137,950804,149,29,9,1,0,3.0500502732424346,0.9465673261786868,15.670947955624923,0.9150150819727304,1.135880791414424,100.0,Exact
Dhemaji,Assam,918,77.31,30.64,1027.58,95.01,95.25,70.75,21.57,66.83,81.47,62.16,87.25,91.48,89.71,,,37.18,73.06,686133,637848,98,23,5,0,1,3.605874753859854,0.7838858160564899,15.3641619947072,1.081762426157956,0.940662979267788,100.0,Exact
Dibrugarh,Assam,920,79.51,24.03,1002.19,94.38,98.06,75.28,44.74,58.82,76.58,75.64,93.09,95.34,,,56.12,27.33,66.44,1326335,1082605,234,31,10,0,0,2.8634635901367536,0.9236979323021786,21.614531615870977,0.8590390770410261,1.1084375187626143,100.0,Exact
Golaghat,Assam,919,77.63,24.3,1001.77,96.37,93.7,73.14,33.12,69.34,75.12,65.74,90.36,92.11,,,,26.28,75.14,1066888,969152,143,39,9,1,1,4.02413656474939,0.9286468995575512,14.755167404081092,1.2072409694248167,1.1143762794690617,100.0,Exact
Dima Hasao,Assam,918,85.1,27.7,959.26,95.87,50.15,83.79,48.18,61.87,87.71,46.88,89.54,91.85,,,,30.59,73.09,214102,151613,76,12,3,0,1,7.914888564964746,1.9787221412411864,50.12762757811006,2.374466569489424,2.374466569489424,100.0,Exact
Cachar,Assam,907,80.49,30.89,1012.38,81.73,43.79,57.64,42.96,57.87,77.18,32.69,79.2,80.24,70.37,,50.4,28.67,61.78,1736617,1421153,270,35,7,0,1,2.46278901708683,0.492557803417366,18.99865813181269,0.738836705126049,0.5910693641008392,100.0,Exact
Karimganj,Assam,917,82.14,32.25,999.79,87.07,62.25,61.45,39.61,64.44,80.66,42.78,76.35,78.28,75.05,,59.59,29.09,64.11,1228686,1118986,232,29,7,0,1,2.59163206688913,0.6255663609732383,20.73305653511304,0.7774896200667389,0.7506796331678859,100.0,Exact
Hailakandi,Assam,905,81.45,33.68,1054.08,91.22,41.18,60.0,35.23,53.63,82.19,43.13,83.03,84.79,68.62,,45.41,42.86,59.45,659296,611156,107,13,4,0,1,2.127116480898494,0.6544973787379982,17.50780488124145,0.6381349442695482,0.7853968544855978,100.0,Exact
Bongaigaon,Assam,916,77.04,28.93,998.48,96.96,95.33,72.48,49.84,57.6,75.76,33.91,84.53,89.1,67.93,,46.64,46.2,77.18,738804,628994,108,29,4,0,1,4.610536825470513,0.6359361138580019,17.17027507416605,1.383161047641154,0.7631233366296022,100.0,Exact
Chirang,Assam,912,71.45,27.97,1014.51,97.75,92.12,77.08,44.45,61.49,71.47,56.53,83.65,82.94,71.06,,33.23,42.7,70.42,482162,446825,87,24,4,0,1,5.371230347451463,0.8952050579085772,19.470710009511556,1.611369104235439,1.0742460694902929,100.0,Exact
Kamrup,Assam,894,79.39,25.57,996.72,94.75,92.14,68.74,57.41,47.04,79.6,46.86,85.03,88.54,63.59,,52.91,22.64,72.92,1517542,1375148,280,65,13,1,1,4.726763955588781,0.945352791117756,20.36144473176705,1.418029186676634,1.1344233493413072,100.0,Exact
Nalbari,Assam,886,81.8,24.48,1042.72,94.74,99.54,68.12,51.07,52.52,83.88,55.9,91.82,91.38,,,64.11,27.49,70.98,771639,688909,124,44,11,0,1,6.386910317618147,1.5967275794045368,17.999474531469325,1.916073095285444,1.916073095285444,100.0,Exact
Baksa,Assam,921,74.05,26.54,1056.88,98.09,89.78,68.94,35.18,68.99,74.8,56.01,89.88,92.1,70.46,,58.99,41.17,78.6,950075,937833,157,35,8,0,1,3.732007724189701,0.8530303369576461,16.7407203627938,1.1196023172569105,1.0236364043491752,100.0,Exact
Darrang,Assam,918,75.15,29.24,928.99,89.5,99.72,67.85,30.11,53.65,75.55,37.48,84.41,87.03,57.12,,62.39,42.04,66.78,928500,873006,159,34,7,0,1,3.894589498812151,0.8018272497554426,18.21293324444505,1.168376849643645,0.9621926997065312,100.0,Exact
Udalguri,Assam,916,70.64,27.2,1086.83,95.53,82.32,73.82,34.02,70.57,70.02,49.81,86.15,87.87,,,55.59,33.78,77.56,831668,794094,150,24,7,0,1,3.0223122199638834,0.8815077308227993,18.88945137477427,0.906693665989165,1.0578092769873593,100.0,Exact
Jorhat,Assam,917,84.43,21.58,1008.55,95.05,85.92,80.36,48.31,60.05,85.09,66.95,96.49,97.4,69.16,,56.64,38.68,74.13,1092256,871722,110,36,6,1,0,4.12975696380268,0.6882928273004467,12.618701833841522,1.238927089140804,0.825951392760536,100.0,Exact
Karbi Anglong,Assam,919,76.35,29.92,993.98,97.02,79.57,75.16,33.39,54.09,78.78,63.93,74.87,78.27,64.32,,,31.61,67.46,956313,843347,115,24,6,0,0,2.8458036846043204,0.7114509211510801,13.636142655395702,0.8537411053812961,0.8537411053812961,100.0,Exact
Nagaon,Assam,922,81.32,31.06,1050.35,94.48,96.12,66.09,38.57,59.39,78.44,59.44,83.67,86.74,58.23,,42.53,38.89,68.62,2823768,2454234,258,72,13,0,1,2.933705587975719,0.5296968422733936,10.51244502357966,0.8801116763927156,0.6356362107280724,100.0,Exact
Sivasagar,Assam,919,87.07,23.84,988.58,97.03,92.65,82.26,45.54,60.66,86.64,80.89,95.25,95.61,,,58.29,26.1,67.46,1151050,1040954,150,27,2,1,1,2.593774556800781,0.1921314486519097,14.409858648893229,0.7781323670402343,0.2305577383822916,100.0,Exact
Sonitpur,Assam,909,74.85,26.61,1026.99,88.24,82.87,72.15,45.75,66.92,76.91,45.49,83.49,82.77,70.9,,42.55,36.67,69.42,1924110,1750265,146,29,6,0,1,1.656891956360894,0.3428052323505298,8.341593987196225,0.4970675869082682,0.4113662788206357,100.0,Exact
Pashchim Champaran,Bihar,934,59.75,36.52,1087.97,93.45,99.74,43.27,31.42,19.96,52.53,25.39,79.45,78.43,62.07,59.71,60.21,43.47,61.57,3935042,3541877,554,44,11,2,0,1.2422791644091538,0.3105697911022884,15.641424024606165,0.3726837493227461,0.3726837493227461,100.0,Exact
Purba Champaran,Bihar,934,58.2,39.96,1185.07,94.84,99.87,48.33,44.17,19.38,50.15,21.65,61.51,67.42,68.29,56.0,59.77,49.11,60.99,5099371,4698028,413,90,14,3,1,1.915697394736685,0.2979973725145955,8.790922489180568,0.5747092184210056,0.3575968470175146,92.85714285714286,Fuzzy
Sheohar,Bihar,944,56.23,36.19,1066.04,97.63,100.0,57.91,31.3,18.12,52.5,25.33,74.27,77.03,62.91,,73.31,34.44,73.11,656246,628130,96,13,2,0,1,2.0696352665849425,0.3184054256284527,15.283460430165729,0.6208905799754828,0.3820865107541433,100.0,Exact
Sitamarhi,Bihar,911,59.14,38.2,1209.07,93.07,99.65,50.65,40.48,20.7,51.74,20.28,64.36,69.56,66.62,63.86,67.65,54.18,70.03,3423574,3233076,208,45,13,1,1,1.3918633524235124,0.4020938573667925,6.433501717868681,0.4175590057270537,0.482512628840151,100.0,Exact
Madhubani,Bihar,918,55.57,34.69,1227.33,98.59,100.0,38.21,39.96,19.15,53.15,34.88,73.72,78.54,74.09,68.42,66.49,43.33,71.01,4487379,4325884,436,85,13,3,1,1.964916303812123,0.3005166111712658,10.078864805436298,0.5894748911436367,0.3606199334055189,100.0,Exact
Supaul,Bihar,945,50.93,39.76,1125.53,97.29,99.71,50.7,14.96,14.21,42.14,30.94,80.35,79.41,73.56,61.35,62.87,42.32,63.64,2229076,2123518,173,29,6,1,1,1.365658308523874,0.2825499948670084,8.146858185332077,0.4096974925571622,0.3390599938404101,100.0,Exact
Araria,Bihar,947,53.01,40.54,1094.2,96.21,100.0,32.24,15.17,19.46,43.65,25.83,66.21,70.31,61.61,65.86,57.86,49.89,75.83,2811569,2642792,221,39,6,1,1,1.4757120499835024,0.2270326230743849,8.362368283239846,0.4427136149950507,0.2724391476892619,100.0,Exact
Kishanganj,Bihar,929,55.98,39.94,1199.27,95.78,100.0,52.37,15.25,8.05,48.03,17.13,54.63,64.87,67.32,64.04,67.74,38.75,67.46,1690400,1529277,258,16,4,0,1,1.0462460365257569,0.2615615091314392,16.870717338977833,0.313873810957727,0.313873810957727,100.0,Exact
Purnia,Bihar,904,53.55,40.23,1128.44,92.4,99.63,35.63,19.28,10.17,47.52,11.13,68.87,74.21,62.7,61.92,63.72,43.51,68.03,3264619,2921614,472,51,5,2,1,1.745610474210488,0.1711382817853419,16.15545380053628,0.5236831422631463,0.2053659381424103,100.0,Exact
Katihar,Bihar,892,57.51,38.95,1053.26,92.04,99.16,44.55,16.93,8.37,49.69,15.3,66.87,73.75,73.65,64.61,65.95,43.94,65.56,3071029,2797207,340,57,7,2,1,2.0377469382852254,0.2502496239999399,12.15498173713994,0.6113240814855676,0.3002995487999279,100.0,Exact
Madhepura,Bihar,931,58.01,38.32,1147.68,96.96,99.25,34.64,13.35,9.54,47.63,20.87,74.95,77.12,72.04,48.6,58.2,46.3,67.72,2001762,1913301,272,27,8,1,1,1.4111736731439537,0.4181255327833937,14.216268114635389,0.4233521019431862,0.5017506393400725,100.0,Exact
Saharsa,Bihar,907,50.16,38.83,1128.16,97.19,100.0,40.52,25.19,12.82,43.13,11.66,70.39,72.86,72.19,71.26,75.51,47.78,69.25,1900661,1744121,166,40,4,1,1,2.293418862567448,0.2293418862567448,9.517688279654909,0.6880256587702345,0.2752102635080937,100.0,Exact
Darbhanga,Bihar,913,54.85,37.06,1121.86,97.23,99.75,48.72,41.64,25.33,49.38,24.87,69.9,75.87,66.27,57.9,65.41,45.44,68.94,3937385,3554057,259,63,10,2,0,1.772622104822742,0.2813685880671019,7.287446430937939,0.5317866314468226,0.3376423056805223,100.0,Exact
Muzaffarpur,Bihar,914,65.09,34.9,1097.22,96.58,99.89,55.18,41.54,13.22,62.99,28.18,72.51,78.21,74.93,61.58,80.29,42.62,64.64,4801062,4327625,520,88,14,0,1,2.033447907339476,0.3235030761676439,12.015828543369633,0.6100343722018429,0.3882036914011727,100.0,Exact
Gopalganj,Bihar,912,63.31,34.56,1156.69,96.23,99.92,60.1,39.35,12.73,63.31,27.88,85.92,88.02,75.83,,61.48,34.16,56.08,2562012,2399207,189,30,10,1,1,1.2504131573474069,0.416804385782469,7.877602891288663,0.375123947204222,0.5001652629389627,100.0,Exact
Siwan,Bihar,941,70.69,31.54,1140.73,95.29,99.81,47.71,48.04,8.2,70.9,30.26,86.36,86.92,76.12,49.07,71.56,36.65,63.92,3330464,3147551,379,53,14,1,1,1.6838488081686365,0.4447902512143568,12.04110751501723,0.5051546424505909,0.5337483014572282,100.0,Exact
Saran,Bihar,945,64.77,35.26,1076.82,93.62,99.74,37.15,36.83,9.41,65.56,30.74,72.97,79.09,71.95,72.07,71.42,39.67,69.82,3951862,3598660,394,52,14,1,1,1.4449822989668375,0.3890336958756871,10.948519726787191,0.4334946896900513,0.4668404350508245,100.0,Exact
Vaishali,Bihar,925,64.51,34.69,1069.05,96.45,99.19,52.6,40.91,13.49,62.41,24.52,81.58,84.82,70.98,69.94,61.38,38.26,77.14,3495021,3261942,336,49,5,1,1,1.5021726321314113,0.1532829216460624,10.30061233461539,0.4506517896394234,0.1839395059752748,100.0,Exact
Samastipur,Bihar,923,60.91,37.82,1070.62,95.73,98.58,48.77,36.11,19.04,54.25,23.53,83.38,83.71,71.4,56.32,78.65,44.0,67.19,4261566,4113769,358,59,12,4,1,1.4342079003463732,0.2917033017653641,8.702481836000029,0.430262370103912,0.3500439621184369,100.0,Exact
Begusarai,Bihar,966,64.99,36.41,1075.89,96.17,99.05,62.23,45.23,13.23,62.31,21.56,85.99,85.6,65.75,63.12,75.43,37.76,74.53,2970541,2400718,290,40,7,1,1,1.666168204678767,0.2915794358187842,12.07971948392106,0.4998504614036301,0.349895322982541,100.0,Exact
Khagaria,Bihar,909,60.58,41.25,1110.9,94.48,98.8,65.03,33.16,15.61,51.82,17.43,74.15,82.34,64.68,69.22,81.23,34.82,67.05,1666886,1579727,187,26,4,0,1,1.6458539988238474,0.2532083075113611,11.837488376156132,0.4937561996471542,0.3038499690136333,100.0,Exact
Bhagalpur,Bihar,966,65.07,35.08,985.89,94.52,97.99,60.94,49.16,16.27,65.56,27.62,77.17,77.47,66.79,76.23,69.54,39.95,78.7,3037766,2435234,327,66,11,2,1,2.710211831799326,0.4517019719665543,13.42786771209666,0.8130635495397979,0.5420423663598652,100.0,Exact
Banka,Bihar,979,59.32,36.1,1082.8,96.22,96.31,38.19,32.34,13.64,55.73,31.74,79.79,80.4,88.14,,72.63,46.74,77.8,2034763,1963450,242,34,8,0,1,1.731645827497517,0.4074460770582393,12.325243831011738,0.5194937482492551,0.4889352924698871,100.0,Exact
Munger,Bihar,972,69.49,31.31,1032.15,98.41,97.74,62.83,59.39,15.24,69.5,36.79,93.24,92.29,73.4,67.14,69.88,35.45,74.3,1367765,987645,154,32,3,1,1,3.2400305777885783,0.3037528666676792,15.59264715560753,0.9720091733365732,0.364503440001215,100.0,Exact
Lakhisarai,Bihar,969,61.17,37.75,1074.15,97.98,96.62,51.55,42.56,15.06,57.89,28.04,75.78,76.2,68.93,61.44,79.34,42.66,77.24,1000912,857901,102,19,3,0,1,2.2147077576550207,0.3496906985771085,11.88948375162169,0.6644123272965062,0.4196288382925303,100.0,Exact
Sheikhpura,Bihar,958,58.53,37.5,1074.01,97.27,98.43,54.16,40.25,9.74,55.01,28.35,89.2,91.76,82.75,,68.98,53.55,80.05,636342,527340,75,15,2,0,1,2.844464671748777,0.3792619562331702,14.222323358743884,0.8533394015246331,0.4551143474798043,100.0,Exact
Nalanda,Bihar,962,59.57,37.2,1048.05,98.86,98.9,52.53,40.99,12.8,56.07,29.31,80.31,85.1,75.22,74.44,84.29,42.61,80.31,2877653,2419759,367,65,8,2,1,2.686217925008234,0.3306114369240904,15.166799668892644,0.8058653775024703,0.3967337243089084,100.0,Exact
Bhojpur,Bihar,974,67.92,34.16,1002.91,97.91,99.7,45.87,42.86,9.63,64.1,33.48,86.9,87.53,61.9,61.74,81.88,40.65,67.68,2728407,2338546,300,39,10,1,1,1.6677029230983695,0.4276161341277871,12.828484023833612,0.5003108769295109,0.5131393609533446,100.0,Exact
Buxar,Bihar,975,64.84,32.68,1005.18,98.53,99.81,52.36,44.65,11.44,68.14,27.44,89.45,90.59,75.02,87.18,81.58,39.64,68.34,1706352,1541853,149,35,4,1,1,2.269995907521664,0.2594281037167616,9.663696863449369,0.6809987722564992,0.3113137244601139,100.0,Exact
Kaimur (Bhabua),Bihar,973,62.28,35.81,1018.15,96.68,97.96,59.08,29.03,18.07,66.04,25.58,83.33,86.04,88.85,,77.54,44.1,71.4,1626384,1560813,181,27,5,1,1,1.729867703562182,0.3203458710300337,11.59652053128722,0.5189603110686546,0.3844150452360405,100.0,Exact
Rohtas,Bihar,975,70.52,32.67,1039.89,98.48,99.58,68.95,47.37,17.19,76.51,34.22,89.08,91.25,86.84,,83.06,39.96,70.34,2959918,2532153,255,48,6,2,1,1.8956200513949988,0.2369525064243748,10.07048152303593,0.5686860154184996,0.2843430077092498,100.0,Exact
Aurangabad,Bihar,970,65.0,35.16,1074.09,97.7,99.97,47.12,38.92,15.35,67.56,29.31,77.48,84.61,89.74,,84.35,41.23,68.42,2540073,2303219,248,68,8,1,1,2.9523896772299985,0.3473399620270586,10.76753882283882,0.8857169031689995,0.4168079544324704,100.0,Exact
Gaya,Bihar,963,59.59,36.29,1079.81,97.92,99.21,44.41,34.69,9.71,59.4,25.07,76.58,77.66,85.03,,79.02,47.38,76.65,4391418,3809817,473,73,18,2,1,1.916102531958884,0.4724636380172591,12.415294487897976,0.5748307595876653,0.566956365620711,100.0,Exact
Nawada,Bihar,963,61.42,33.43,1099.08,97.4,99.25,47.92,40.74,8.09,62.1,31.62,79.94,79.47,74.45,,84.44,49.43,73.34,2219146,2003567,173,45,8,1,1,2.2459942692208448,0.3992878700837057,8.634600190560136,0.6737982807662534,0.4791454441004468,100.0,Exact
Jamui,Bihar,979,53.07,37.0,1089.67,97.89,90.48,37.57,40.22,14.29,48.68,37.91,73.39,72.73,66.39,,63.66,43.04,81.88,1760405,1615072,277,36,7,0,1,2.229002793683501,0.433417209882903,17.150938162509163,0.6687008381050504,0.5201006518594837,100.0,Exact
Jehanabad,Bihar,949,61.72,36.0,1084.54,99.27,99.75,45.51,34.25,13.18,63.18,17.43,89.11,88.25,70.27,87.86,77.99,41.25,61.91,1125313,990117,110,33,6,0,1,3.332939440490366,0.6059889891800666,11.109798134967887,0.9998818321471098,0.7271867870160799,100.0,Exact
Arwal,Bihar,966,62.64,36.64,1075.58,97.35,99.86,43.42,29.3,15.55,62.54,34.51,79.16,83.11,84.22,83.09,86.25,45.62,65.8,700843,648994,62,30,3,0,1,4.62253888325624,0.4622538883256239,9.553247025396228,1.386761664976872,0.5547046659907487,100.0,Exact
Chandigarh,Chandigarh,761,86.66,23.29,917.45,99.85,99.12,84.98,95.81,32.23,82.96,78.74,96.87,97.03,,,,25.3,54.58,1055450,28991,0,43,2,1,1,148.3218930012763,6.898692697733779,0.0,44.49656790038288,8.278431237280534,100.0,Exact
Koriya,Chhattisgarh,906,69.65,26.85,987.34,97.55,87.62,73.34,30.16,62.75,77.08,70.02,80.75,88.18,87.05,,,32.12,56.33,658917,453618,196,31,5,0,1,6.833943979295355,1.1022490289186055,43.20816193360934,2.050183193788606,1.3226988347023267,90.9090909090909,Fuzzy
Jashpur,Chhattisgarh,908,67.91,27.81,1037.7,98.22,88.83,72.81,14.76,80.58,75.08,48.57,85.62,78.56,94.19,,,35.82,54.14,851669,775677,259,35,8,0,1,4.512187418216604,1.031357124163795,33.39018689480286,1.353656225464981,1.2376285489965542,100.0,Exact
Raigarh,Chhattisgarh,889,72.17,24.1,1012.97,99.02,97.53,66.3,29.75,66.28,75.96,55.41,87.73,85.78,90.87,,,39.09,62.68,1493984,1247682,350,55,10,2,1,4.408174518827714,0.8014862761504935,28.05201966526727,1.3224523556483143,0.9617835313805922,100.0,Exact
Korba,Chhattisgarh,876,71.07,25.4,1034.28,97.93,82.21,73.33,35.49,60.56,77.59,49.34,75.4,78.17,,,,34.66,63.55,1206640,760350,285,39,6,0,1,5.129216808048925,0.789110278161373,37.48273821266522,1.5387650424146777,0.9469323337936476,100.0,Exact
Janjgir - Champa,Chhattisgarh,920,67.73,25.32,998.69,99.53,97.24,78.77,24.78,73.97,77.02,62.82,86.24,91.56,85.52,,,32.45,74.05,1619707,1394646,273,47,11,1,1,3.3700308178562874,0.7887306169450885,19.574859856909924,1.0110092453568862,0.9464767403341064,100.0,Exact
Rajnandgaon,Chhattisgarh,919,73.35,23.95,1014.34,99.3,98.81,79.16,27.44,80.82,82.41,76.07,95.49,96.77,90.98,,,27.6,80.51,1537133,1264621,332,51,10,1,1,4.032828807998602,0.7907507466663924,26.252924789324236,1.209848642399581,0.9489008959996712,100.0,Exact
Mahasamund,Chhattisgarh,916,68.59,23.99,1057.22,98.4,98.83,84.23,30.38,76.17,72.62,65.79,92.89,96.28,82.08,,,36.82,75.83,1032754,912602,227,31,5,0,1,3.3968805678707694,0.5478839625598015,24.873931900214988,1.0190641703612309,0.6574607550717618,100.0,Exact
Dhamtari,Chhattisgarh,917,77.34,23.57,1056.69,99.9,99.11,89.82,30.89,86.83,83.69,70.4,94.25,96.55,,,,30.45,67.31,799781,650586,182,26,4,1,1,3.9963970943118974,0.6148303222018303,27.97477966018328,1.1989191282935692,0.7377963866421965,100.0,Exact
Narayanpur,Chhattisgarh,916,54.03,28.84,1077.03,90.05,90.52,52.79,19.52,83.09,53.84,59.1,74.16,82.46,81.67,,,43.73,86.82,139820,117714,63,8,1,0,1,6.796133000322817,0.8495166250403521,53.51954737754218,2.038839900096845,1.0194199500484225,100.0,Exact
Bijapur,Chhattisgarh,915,47.44,30.48,1068.72,86.82,94.34,30.63,18.48,73.53,46.29,56.85,63.62,73.8,78.35,,,53.83,77.2,255230,225630,77,10,5,0,1,4.432034747152418,2.216017373576209,34.12666755307362,1.3296104241457254,2.659220848291451,100.0,Exact
Bastar,Chhattisgarh,905,58.04,26.52,1068.01,96.8,94.09,60.99,31.56,69.28,54.62,55.07,63.54,72.63,57.33,63.9,52.84,48.09,80.71,1413199,1219705,243,40,7,1,1,3.2794815139726405,0.5739092649452121,19.92285019738379,0.9838444541917925,0.6886911179342546,100.0,Exact
Bilaspur,Chhattisgarh,881,70.97,24.78,1033.14,98.61,93.62,80.47,42.19,60.37,74.32,46.87,79.44,85.64,52.5,,,25.73,78.14,2663629,1983759,228,44,5,0,1,2.2180113612591046,0.2520467455976255,11.493331599251723,0.6654034083777314,0.3024560947171506,100.0,Exact
Durg,Chhattisgarh,910,79.41,22.87,956.54,99.57,98.46,89.47,76.31,67.01,84.59,69.85,96.71,97.99,82.67,,,38.87,57.06,3343872,2059107,221,30,8,1,1,1.456942257007528,0.3885179352020075,10.732807959955457,0.4370826771022584,0.466221522242409,100.0,Exact
Raipur,Chhattisgarh,915,77.09,24.19,982.79,99.48,99.73,83.95,60.47,76.92,81.31,65.6,90.71,95.8,74.15,,,32.22,74.63,4063872,2580583,275,35,10,1,1,1.3562826694588006,0.3875093341310859,10.656506688604862,0.4068848008376401,0.465011200957303,100.0,Exact
Surguja,Chhattisgarh,872,66.33,27.47,1035.96,99.26,96.39,75.76,24.47,65.14,73.68,57.71,85.34,89.42,84.55,,,29.41,51.35,2359886,2116965,204,28,6,0,0,1.322648225171413,0.2834246196795885,9.636437069106009,0.3967944675514238,0.3401095436155061,100.0,Exact
North Goa,Goa,925,89.53,19.28,1016.91,100.0,98.1,87.74,96.69,64.83,92.37,91.29,99.57,98.6,,,,24.17,55.19,818008,324927,114,13,4,0,1,4.0008986633920856,1.23104574258218,35.08480366359213,1.2002695990176255,1.477254891098616,100.0,Exact
South Goa,Goa,931,88.2,18.85,1040.35,100.0,99.02,88.17,96.24,67.7,93.76,96.04,100.0,100.0,,,,28.31,50.01,640537,226804,105,15,2,2,1,6.613639971076347,0.8818186628101796,46.29547979753443,1.9840919913229045,1.0581823953722158,100.0,Exact
Kachchh,Gujarat,922,66.56,26.57,979.27,99.16,96.83,85.82,67.16,34.34,75.57,84.15,97.36,97.61,70.19,,,37.48,68.61,2092371,1363836,442,77,16,3,0,5.645840115673732,1.173161582477659,32.40858871594532,1.6937520347021198,1.4077938989731904,100.0,Exact
Banas Kantha,Gujarat,889,61.1,29.23,1007.3,91.14,93.58,53.86,45.63,40.96,63.71,56.05,92.94,92.66,43.53,,,38.98,78.99,3120506,2705591,759,125,26,4,1,4.62006267761831,0.9609730369446084,28.053020578498376,1.3860188032854928,1.15316764433353,100.0,Exact
Patan,Gujarat,904,64.81,25.08,967.42,98.29,99.39,73.11,62.62,50.17,71.08,79.81,98.55,97.07,80.99,,,50.51,76.17,1343734,1062653,326,55,14,2,0,5.175725283794428,1.3174573449658544,30.67793531849061,1.552717585138328,1.580948813959025,100.0,Exact
Mahesana,Gujarat,839,71.28,22.13,912.81,97.68,97.01,72.14,63.14,40.74,75.05,56.58,97.25,91.55,,,,31.03,85.98,2035064,1520734,295,63,13,3,1,4.142736336532227,0.8548503551574438,19.398527290111225,1.2428209009596682,1.0258204261889323,100.0,Exact
Gandhinagar,Gujarat,862,77.63,22.34,924.44,97.81,99.72,84.6,76.86,29.74,81.78,71.02,97.81,89.26,,,,38.07,81.24,1391753,791126,156,36,9,1,0,4.550476156768959,1.1376190391922398,19.718730012665493,1.365142847030688,1.365142847030688,100.0,Exact
Porbandar,Gujarat,917,74.87,20.75,1000.37,99.75,96.24,85.74,76.85,42.13,84.33,92.05,100.0,95.99,,,,18.15,77.86,585449,299775,84,17,4,5,1,5.6709198565590855,1.3343340838962556,28.021015761821364,1.7012759569677258,1.6012009006755066,100.0,Exact
Amreli,Gujarat,870,69.88,22.71,983.84,99.64,97.79,73.28,65.61,47.74,77.17,92.59,90.13,81.16,,,,35.3,71.99,1514190,1127555,248,44,12,3,0,3.902248670796547,1.0642496374899673,21.99449250812599,1.170674601238964,1.2770995649879606,100.0,Exact
Dohad,Gujarat,899,59.58,35.58,1047.47,89.29,90.99,35.93,26.8,40.26,56.1,70.9,92.45,93.19,66.18,81.16,85.29,55.34,87.24,2127086,1935461,637,99,20,2,0,5.115060442964235,1.033345544033179,32.91205557745674,1.5345181328892703,1.2400146528398144,100.0,Exact
Narmada,Gujarat,904,66.0,25.98,1006.44,92.69,96.83,54.56,31.28,51.07,67.29,83.42,81.65,84.23,82.84,,,47.18,93.21,590297,528425,174,28,3,2,1,5.298765198467143,0.5677248426929081,32.928040876188675,1.5896295595401428,0.6812698112314899,100.0,Exact
Bharuch,Gujarat,856,76.66,23.69,960.26,98.15,97.23,77.69,60.16,37.36,74.01,65.68,91.14,92.06,,,,40.87,81.04,1551019,1026060,241,46,9,1,0,4.483168625616435,0.8771416876206071,23.487905190729585,1.3449505876849308,1.0525700251447283,100.0,Exact
Navsari,Gujarat,893,77.86,19.55,1056.28,98.65,97.4,80.12,70.17,41.96,84.05,94.69,99.26,99.05,94.99,,,36.83,75.26,1329672,920535,296,50,11,3,1,5.431624001260136,1.19495728027723,32.15521408746001,1.629487200378041,1.4339487363326762,100.0,Exact
Valsad,Gujarat,882,79.02,25.24,1009.32,98.63,98.0,85.31,73.11,40.58,82.93,92.48,96.52,98.5,91.07,,,37.76,87.64,1705678,1070177,363,58,10,2,0,5.419664223768591,0.9344248661669986,33.91962264186205,1.6258992671305774,1.1213098394003982,100.0,Exact
Surat,Gujarat,902,82.71,23.11,911.62,99.34,98.87,81.95,88.56,31.55,84.18,93.4,97.69,98.82,,,,36.05,83.59,6081322,1232109,343,105,20,2,0,8.521973299440228,1.6232330094171863,27.838446111504748,2.5565919898320684,1.9478796113006236,100.0,Exact
Tapi,Gujarat,904,66.05,21.03,1075.85,97.56,99.02,70.21,45.5,42.32,72.02,90.96,92.93,85.16,,,,41.68,80.74,807022,727535,241,39,6,2,1,5.360566845581312,0.8247025916278942,33.12555409705375,1.6081700536743937,0.989643109953473,100.0,Exact
Ahmadabad,Gujarat,906,79.83,22.05,928.43,99.49,98.73,86.38,89.72,36.23,81.47,77.76,94.45,95.29,,,,35.45,72.01,7214225,1151178,211,122,17,3,0,10.597839778036064,1.4767481657919104,18.329050763652532,3.17935193341082,1.7720977989502926,100.0,Exact
Bhavnagar,Gujarat,871,72.03,24.13,941.9,96.92,95.09,72.87,59.81,32.17,74.24,70.9,94.18,95.97,74.27,,,32.63,71.54,2880365,1697964,299,65,13,2,0,3.8281141414070015,0.7656228282814006,17.609325050472215,1.1484342424221008,0.9187473939376808,100.0,Exact
Jamnagar,Gujarat,920,72.79,20.95,1003.88,98.92,99.74,86.6,81.56,38.6,83.14,73.78,96.49,96.22,,,,28.35,74.99,2160119,1189054,210,45,9,0,1,3.78452114033509,0.756904228067018,17.661098654897085,1.1353563421005268,0.9082850736804216,100.0,Exact
Junagadh,Gujarat,886,73.75,21.58,999.37,99.26,97.04,81.68,67.18,47.25,82.79,72.54,97.42,97.74,93.47,,,37.28,74.72,2743082,1836670,237,46,9,1,0,2.5045326596503457,0.4900172594968067,12.90378783341591,0.7513597978951037,0.5880207113961681,100.0,Exact
Kheda,Gujarat,890,73.95,23.65,934.29,96.9,97.69,63.34,47.95,32.2,70.92,61.2,95.18,88.41,68.99,,,37.26,85.08,2299885,1776276,316,58,14,2,1,3.265258326971709,0.7881658030621367,17.79002812625966,0.9795774980915128,0.945798963674564,100.0,Exact
Panch Mahals,Gujarat,908,70.12,26.3,969.16,95.52,90.95,58.93,43.62,33.95,71.67,88.73,88.41,84.2,95.44,65.8,76.11,47.12,90.95,2390776,2055949,300,54,12,1,1,2.626524296079329,0.5836720657954064,14.59180164488516,0.7879572888237987,0.7004064789544877,100.0,Exact
Rajkot,Gujarat,882,78.37,21.96,974.72,99.59,99.5,85.44,83.59,45.13,84.68,93.52,99.28,100.0,,,,38.94,76.99,3804558,1590508,347,82,12,0,1,5.15558551104427,0.7544759284455029,21.81692893088246,1.546675653313281,0.9053711141346036,100.0,Exact
Sabar Kantha,Gujarat,892,68.68,26.55,986.84,95.34,90.72,60.97,58.71,49.32,74.52,73.24,89.43,83.03,88.47,,75.9,37.01,81.12,2428589,2064869,281,49,12,2,0,2.3730318969387403,0.5811506686380589,13.60861149060788,0.7119095690816221,0.6973808023656706,100.0,Exact
Surendranagar,Gujarat,869,66.04,23.65,957.42,99.43,96.88,63.75,56.92,50.44,75.07,57.45,85.58,83.59,62.52,,,39.16,81.01,1756268,1259352,349,56,12,2,1,4.446731334845222,0.9528710003239762,27.712664926088973,1.3340194004535666,1.1434452003887714,100.0,Exact
Vadodara,Gujarat,855,82.02,20.99,953.34,97.28,99.49,85.62,78.1,41.66,84.57,65.92,95.92,95.19,,,,42.26,86.43,4165626,2099855,242,77,10,0,0,3.666919858752152,0.4762233582795002,11.524605270363908,1.1000759576256456,0.5714680299354004,100.0,Exact
Panchkula,Haryana,679,81.23,23.09,936.23,99.46,99.2,82.62,81.13,19.9,87.86,76.91,96.99,96.99,,,,21.76,53.06,561293,248063,46,9,2,0,1,3.628110600936053,0.8062468002080116,18.543676404784268,1.0884331802808158,0.967496160249614,100.0,Exact
Ambala,Haryana,902,82.24,21.56,929.88,99.61,99.29,87.22,81.59,18.99,88.85,57.39,97.83,90.95,79.33,,77.62,24.11,64.18,1128350,627576,106,22,5,2,1,3.505551518859867,0.7967162542863334,16.89038459087027,1.05166545565796,0.9560595051436002,100.0,Exact
Yamunanagar,Haryana,916,79.05,23.59,922.91,99.76,100.0,83.54,77.71,20.62,87.05,66.42,94.79,85.95,82.88,,66.77,27.73,72.86,1214205,741376,113,20,7,1,1,2.697686464088397,0.9441902624309392,15.241928522099446,0.8093059392265194,1.1330283149171272,100.0,Exact
Kurukshetra,Haryana,888,75.32,24.69,941.08,99.59,99.93,82.63,77.58,19.19,83.92,59.75,98.36,97.57,69.77,,71.93,24.92,73.66,964655,685430,117,17,7,0,1,2.480194914141488,1.021256729352377,17.069576762032593,0.7440584742424464,1.2255080752228529,100.0,Exact
Kaithal,Haryana,737,66.34,24.4,928.91,99.99,98.45,89.72,55.91,29.08,73.95,68.77,98.21,99.66,,,,29.89,61.43,1074304,838293,144,24,6,0,1,2.8629608024879127,0.7157402006219782,17.177764814927478,0.8588882407463738,0.8588882407463738,100.0,Exact
Karnal,Haryana,918,79.15,26.42,969.94,99.24,99.89,83.5,74.08,24.59,84.46,84.71,98.96,98.64,88.85,,80.72,29.16,78.33,1505324,1050514,146,25,8,1,1,2.3797874183494936,0.7615319738718379,13.897958523161044,0.7139362255048481,0.9138383686462056,100.0,Exact
Panipat,Haryana,852,78.31,25.98,916.78,99.6,99.85,79.32,72.95,26.48,85.89,49.2,97.1,96.28,80.62,,73.77,25.13,73.41,1205437,650352,89,18,7,1,1,2.767731935936232,1.0763401973085345,13.684896794351364,0.8303195807808694,1.2916082367702413,100.0,Exact
Sonipat,Haryana,872,78.87,23.51,843.82,99.33,97.17,86.65,69.93,22.36,89.13,64.07,99.7,90.19,,,,23.6,68.65,1450001,996637,164,33,7,1,1,3.311135348175916,0.702362043552467,16.45533930608637,0.9933406044527748,0.8428344522629604,100.0,Exact
Jind,Haryana,861,71.41,25.84,976.78,99.98,96.17,88.52,42.11,23.68,83.56,49.63,98.68,98.95,77.54,,,25.48,68.87,1334152,1028569,173,27,7,3,1,2.6250061979313006,0.6805571624266336,16.81948415711537,0.7875018593793901,0.8166685949119601,100.0,Exact
Fatehabad,Haryana,753,67.25,24.09,908.38,99.77,99.76,87.3,43.74,29.43,73.2,60.08,97.94,97.94,90.73,,,24.62,59.3,942011,762423,131,23,7,1,1,3.016698079674931,0.9181255025097615,17.182062975539825,0.9050094239024792,1.101750603011714,100.0,Exact
Hisar,Haryana,832,69.29,25.77,939.23,99.74,99.33,89.11,44.8,27.88,79.76,69.91,98.23,98.83,85.53,,,27.79,70.5,1743931,1190443,198,32,9,3,1,2.6880749435294256,0.7560210778676509,16.63246371308832,0.8064224830588277,0.9072252934411812,100.0,Exact
Rohtak,Haryana,826,79.58,23.7,941.99,99.65,98.45,90.01,67.27,24.78,88.53,72.28,97.39,96.72,77.42,,,28.86,76.18,1061204,615040,116,21,8,0,1,3.4144120707596253,1.3007284079084287,18.860561914672218,1.0243236212278874,1.5608740894901143,100.0,Exact
Jhajjar,Haryana,800,77.26,22.95,981.67,99.84,96.6,91.68,55.9,26.99,89.14,60.13,97.2,97.19,90.86,,,15.59,76.86,958405,715066,134,29,6,2,1,4.055569695664457,0.8390833853098875,18.739528938587487,1.2166709086993368,1.006900062371865,100.0,Exact
Mahendragarh,Haryana,890,69.96,22.27,935.56,99.6,99.71,79.78,34.16,25.61,82.73,55.2,98.91,98.85,73.86,,,25.15,72.32,922088,789233,140,19,7,1,1,2.407400602863793,0.8869370642129765,17.73874128425953,0.722220180859138,1.0643244770555718,100.0,Exact
Rewari,Haryana,883,74.55,22.64,884.53,100.0,99.73,86.4,54.92,25.33,87.41,63.78,98.71,98.34,79.33,,,25.93,71.33,900332,666902,114,19,5,1,1,2.8489943050103315,0.7497353434237713,17.093965830061986,0.8546982915030994,0.8996824121085257,100.0,Exact
Faridabad,Haryana,857,80.49,24.96,889.86,100.0,97.85,84.16,89.26,32.8,84.39,51.23,92.49,93.93,69.49,,,28.86,68.44,1809733,370878,61,26,2,1,1,7.010391557331522,0.5392608890255016,16.4474571152778,2.103117467199456,0.647113066830602,100.0,Exact
Palwal,Haryana,897,66.99,31.29,942.91,98.86,96.69,80.3,34.62,23.51,71.14,53.41,78.34,83.24,69.03,,,30.95,71.57,1042708,806164,95,18,7,0,1,2.232796304474028,0.8683096739621218,11.784202718057369,0.6698388913422083,1.041971608754546,100.0,Exact
Bhiwani,Haryana,855,70.2,24.81,984.94,99.97,97.51,89.67,36.55,28.24,80.03,60.36,97.7,97.82,72.51,,,29.0,69.21,1634445,1313123,139,26,6,3,1,1.9800125350024331,0.456925969615946,10.585451629436085,0.5940037605007299,0.5483111635391353,100.0,Exact
Kangra,Himachal Pradesh,887,84.08,21.09,1050.7,99.66,98.57,73.33,49.14,36.36,94.43,56.28,90.17,87.54,,,,28.0,55.25,1510075,1423794,439,81,20,21,1,5.689025238201594,1.4046975896794058,30.83311209346296,1.706707571460478,1.685637107615287,100.0,Exact
Kullu,Himachal Pradesh,883,77.36,21.78,1008.03,99.17,94.26,81.15,64.97,26.77,87.36,59.99,86.95,88.14,80.18,,,35.94,75.27,437903,396512,99,23,5,4,1,5.800581066903398,1.2609958841094342,24.9677185053668,1.7401743200710194,1.5131950609313212,100.0,Exact
Mandi,Himachal Pradesh,902,79.24,22.32,1159.46,99.5,96.46,86.98,38.59,41.33,93.96,70.25,86.58,86.37,,,,31.34,52.23,999777,937140,339,82,12,13,1,8.7500266769106,1.2804917088161851,36.17389077405724,2.62500800307318,1.5365900505794226,100.0,Exact
Hamirpur,Himachal Pradesh,881,86.66,20.32,1181.58,99.66,98.0,85.48,44.73,32.03,94.84,59.43,97.6,92.38,,,,27.27,51.98,454768,423338,153,32,2,5,0,7.558971790862148,0.4724357369288842,36.14133387505965,2.2676915372586444,0.5669228843146611,100.0,Exact
Una,Himachal Pradesh,860,86.1,21.8,1026.03,98.5,98.77,81.38,46.2,22.56,92.52,71.66,89.65,89.9,,,,24.69,58.73,521173,476260,138,24,8,5,1,5.039264267416957,1.6797547558056525,28.9757695376475,1.5117792802250871,2.015705706966783,100.0,Exact
Bilaspur,Himachal Pradesh,898,81.25,22.11,1095.52,99.97,92.85,80.82,35.78,35.41,91.23,81.35,91.7,87.62,,,,40.06,44.82,381956,356827,124,37,8,3,1,10.369170494385234,2.2419828095968075,34.75073354875052,3.11075114831557,2.690379371516169,100.0,Exact
Solan,Himachal Pradesh,883,82.42,22.27,946.67,99.21,96.47,81.76,62.46,41.86,90.98,88.17,90.22,86.84,,,,32.32,50.41,580320,478173,182,43,7,7,1,8.992561269666,1.4639053229688836,38.06153839719098,2.6977683808998,1.7566863875626604,100.0,Exact
Sirmaur,Himachal Pradesh,906,75.65,25.51,922.93,99.24,95.69,84.27,46.8,26.19,84.93,85.23,87.41,88.19,93.92,,,28.62,58.47,529855,472690,148,46,6,5,0,9.73153652499524,1.2693308510863357,31.310160993462947,2.919460957498572,1.5231970213036028,100.0,Exact
Shimla,Himachal Pradesh,904,81.63,18.97,955.96,100.0,97.29,87.25,78.02,37.07,93.36,85.31,92.23,91.33,,,,27.07,59.05,814010,612659,245,114,17,13,1,18.607414565035363,2.7747898912772038,39.98961902134793,5.582224369510609,3.329747869532644,100.0,Exact
Kinnaur,Himachal Pradesh,912,73.8,19.11,967.22,99.58,96.94,80.06,70.38,35.91,89.11,75.32,82.72,84.12,,,,32.16,75.57,84121,84121,35,25,4,1,1,29.719095112992,4.75505521807872,41.6067331581888,8.9157285338976,5.706066261694464,100.0,Exact
Kupwara,Jammu & Kashmir,904,68.7,26.67,987.28,99.29,88.0,67.68,61.99,10.36,76.01,89.24,97.06,99.04,93.19,,,24.89,78.79,870354,765625,233,63,7,0,1,8.22857142857143,0.9142857142857144,30.43265306122449,2.468571428571429,1.0971428571428572,100.0,Exact
Rajouri,Jammu & Kashmir,917,72.56,26.35,901.39,99.95,77.71,63.32,42.76,16.41,79.41,71.86,88.81,94.42,94.99,,,30.27,76.37,642415,590101,197,55,7,0,0,9.320438365635711,1.186237610171818,33.384115600549734,2.796131509690714,1.4234851322061817,100.0,Exact
Kathua,Jammu & Kashmir,903,77.43,19.75,893.61,99.65,96.13,75.38,68.49,6.96,87.65,31.61,97.08,98.52,,,,21.8,67.02,616435,526722,185,53,5,0,0,10.062233967823634,0.9492673554550598,35.12289215183721,3.01867019034709,1.1391208265460715,100.0,Exact
Baramula,Jammu & Kashmir,908,62.91,24.81,954.89,98.71,93.33,77.73,76.48,6.53,67.89,75.19,96.24,96.95,73.7,,70.25,23.15,70.39,1008039,825539,188,86,7,0,0,10.417436365816757,0.8479308669850848,22.773000427599424,3.125230909745027,1.017517040382102,94.11764705882352,Fuzzy
Srinagar,Jammu & Kashmir,889,68.21,20.16,971.55,100.0,98.45,86.78,98.44,17.87,78.42,85.12,99.21,99.21,,,,32.96,76.97,1236829,17313,25,69,1,0,1,398.5444463697799,5.776006469127245,144.40016172818113,119.563333910934,6.931207762952695,100.0,Exact
Ganderbal,Jammu & Kashmir,900,60.2,25.11,930.53,99.52,97.15,78.44,84.44,8.3,63.99,80.38,97.97,98.61,81.17,,,18.49,89.76,297446,250407,60,30,1,0,1,11.980495752914257,0.3993498584304752,23.960991505828517,3.594148725874277,0.4792198301165702,100.0,Exact
Pulwama,Jammu & Kashmir,906,67.19,22.06,952.92,99.11,97.95,91.61,76.62,9.88,76.59,96.16,97.79,98.09,,,,22.38,67.41,560440,479978,97,47,3,0,1,9.792115471959132,0.6250286471463276,20.20925959106459,2.9376346415877395,0.750034376575593,100.0,Exact
Anantnag,Jammu & Kashmir,906,65.48,22.41,973.77,98.71,99.27,84.68,76.46,7.27,74.66,80.91,90.47,98.08,,,,28.16,79.15,1078692,795805,139,65,5,0,0,8.167830058871205,0.6282946199131697,17.466590433586116,2.450349017661362,0.7539535438958036,100.0,Exact
Kulgam,Jammu & Kashmir,912,63.96,25.44,961.99,99.84,96.43,80.5,40.31,4.23,70.88,92.19,98.87,99.63,98.08,,,28.38,77.68,424483,343870,118,45,3,0,1,13.086340768313608,0.8724227178875738,34.31529357024457,3.925902230494082,1.0469072614650885,100.0,Exact
Doda,Jammu & Kashmir,877,65.12,28.36,943.15,99.62,92.63,70.9,42.36,7.6,69.24,74.32,73.54,75.57,61.65,,,32.68,80.66,409936,377247,163,42,3,0,0,11.133289330332646,0.7952349521666177,43.20776573438622,3.339986799099794,0.9542819425999411,100.0,Exact
Ramban,Jammu & Kashmir,911,60.78,29.53,915.02,97.43,73.42,48.92,35.81,9.17,62.21,79.23,80.44,91.72,78.88,,,25.7,62.0,283713,271902,85,31,3,0,1,11.40116659678855,1.1033387029150208,31.261263249258928,3.420349979036565,1.324006443498025,100.0,Exact
Kishtwar,Jammu & Kashmir,895,68.91,24.82,978.02,88.82,86.84,59.62,50.6,16.37,71.28,76.4,91.59,94.11,,,,27.49,88.46,230696,215831,87,26,1,0,1,12.046462278356678,0.4633254722444876,40.30931608527042,3.613938683507004,0.5559905666933851,100.0,Exact
Udhampur,Jammu & Kashmir,908,72.98,26.13,946.15,99.92,76.44,69.84,55.08,16.83,77.33,69.82,87.23,91.13,85.75,,,37.28,70.38,554985,446777,146,49,2,0,1,10.967440132325525,0.4476506176459396,32.6784950881536,3.2902320396976568,0.5371807411751276,100.0,Exact
Reasi,Jammu & Kashmir,915,66.85,30.69,966.72,99.91,76.54,62.71,35.2,11.24,68.19,75.92,69.32,73.3,79.05,,,17.74,69.73,314667,287671,103,33,2,0,1,11.471437857830647,0.6952386580503422,35.804790889592624,3.441431357349194,0.8342863896604107,100.0,Exact
Jammu,Jammu & Kashmir,889,83.97,22.18,938.68,100.0,99.92,81.24,87.89,23.25,91.54,95.43,96.48,96.96,,,,27.04,68.43,1529958,764945,162,101,9,0,1,13.203563654903292,1.1765551771696006,21.17799318905281,3.961069096470988,1.4118662126035206,100.0,Exact
Samba,Jammu & Kashmir,901,76.63,24.51,959.54,99.81,95.43,78.81,73.01,19.02,84.83,96.2,97.85,99.03,90.85,,,24.52,68.96,318898,265283,82,21,3,0,1,7.916074531726496,1.1308677902466424,30.910386266741558,2.3748223595179487,1.357041348295971,100.0,Exact
Garhwa,Jharkhand,913,60.52,33.33,1108.38,84.99,92.52,54.06,24.74,55.27,62.74,29.78,83.98,88.15,77.16,,,47.7,62.47,1322784,1253114,117,11,6,1,1,0.8778131917766461,0.4788071955145341,9.336740312533417,0.2633439575329938,0.5745686346174411,100.0,Exact
Chatra,Jharkhand,933,60.74,36.77,1135.6,92.13,83.34,48.05,20.43,46.51,61.81,32.36,71.52,73.49,71.65,,,42.16,62.63,1042886,979932,93,9,5,0,1,0.9184310748092724,0.5102394860051515,9.490454439695815,0.2755293224427817,0.6122873832061816,100.0,Exact
Giridih,Jharkhand,958,61.57,34.57,1090.99,96.54,87.63,59.24,32.38,52.41,57.32,42.1,70.74,76.74,70.61,,51.19,31.88,62.77,2445474,2237450,179,17,11,0,1,0.7597935149388813,0.4916310979016291,8.000178774944692,0.2279380544816644,0.5899573174819549,100.0,Exact
Deoghar,Jharkhand,953,59.8,36.04,1067.99,95.58,90.78,41.56,23.5,53.8,54.22,30.74,61.29,72.27,54.45,,55.98,41.65,73.91,1492073,1233712,180,10,7,1,1,0.8105619463861906,0.5673933624703335,14.590115034951433,0.2431685839158572,0.6808720349644001,100.0,Exact
Godda,Jharkhand,913,52.71,33.8,1011.55,93.49,91.35,54.88,19.67,45.91,50.44,39.22,70.22,83.26,63.93,,,39.37,75.09,1313551,1249132,181,10,7,0,1,0.8005559060211411,0.5603891342147987,14.490061898982654,0.2401667718063423,0.6724669610577585,100.0,Exact
Pakur,Jharkhand,905,53.11,36.3,1073.91,91.74,88.59,38.26,16.94,52.45,46.68,26.64,64.6,74.18,69.43,,,51.26,72.14,900422,832910,121,10,5,0,1,1.2006099098341958,0.6003049549170979,14.527379908993767,0.3601829729502587,0.7203659459005175,100.0,Exact
Dhanbad,Jharkhand,945,68.68,27.78,985.77,98.51,88.9,67.58,37.18,45.66,71.97,44.55,78.75,83.63,66.11,,,26.98,66.52,2684487,1124093,140,35,9,0,1,3.113621381860753,0.8006454981927651,12.454485527443014,0.934086414558226,0.9607745978313182,100.0,Exact
Bokaro,Jharkhand,955,71.48,27.29,1006.22,97.31,86.42,64.38,46.97,44.65,72.56,48.71,80.86,86.52,70.99,,62.08,36.2,66.51,2062330,1078686,115,25,9,3,1,2.3176346035825066,0.8343484572897024,10.66111917647953,0.695290381074752,1.0012181487476428,100.0,Exact
Lohardaga,Jharkhand,980,65.55,32.38,1051.74,99.21,78.43,67.68,33.95,58.87,67.46,37.65,84.11,92.1,88.19,,,40.73,68.66,461790,404379,74,7,4,0,1,1.731049337379043,0.9891710499308816,18.29966442372131,0.5193148012137129,1.187005259917058,100.0,Exact
Purbi Singhbhum,Jharkhand,989,74.12,23.37,1015.95,95.72,89.72,70.21,57.56,50.72,77.36,40.67,94.03,96.38,88.79,,,35.88,67.37,2293919,1019328,243,25,11,1,1,2.452596220254913,1.0791423369121618,23.839235260877757,0.7357788660764739,1.294970804294594,96.2962962962963,Fuzzy
Palamu,Jharkhand,969,63.48,34.56,1183.06,95.77,94.89,46.28,25.41,55.77,65.37,33.83,74.85,83.37,80.93,,,43.71,68.2,1939869,1713866,171,24,7,2,0,1.400342850607924,0.4084333314273111,9.977442810581458,0.4201028551823771,0.4901199977127733,100.0,Exact
Latehar,Jharkhand,964,60.53,35.94,1115.12,88.96,79.2,51.4,14.23,52.23,58.74,43.12,70.29,83.75,74.98,,,40.1,68.31,726978,675120,97,7,6,0,1,1.0368527076667853,0.8887308922858158,14.367816091954024,0.3110558123000355,1.066477070742979,100.0,Exact
Hazaribagh,Jharkhand,914,66.1,32.56,1082.55,98.17,85.49,55.64,36.81,55.0,69.67,36.41,82.03,85.62,70.11,,67.27,37.8,62.11,1734495,1459188,140,16,8,1,0,1.09650024534193,0.548250122670965,9.594377146741886,0.3289500736025789,0.6579001472051579,100.0,Exact
Ramgarh,Jharkhand,938,68.39,27.85,955.02,98.4,76.71,64.2,33.15,49.67,72.73,40.92,78.98,89.71,81.78,,65.65,35.25,59.65,949443,530488,54,8,4,0,1,1.5080454223281206,0.7540227111640603,10.179306600714812,0.4524136266984361,0.9048272533968722,100.0,Exact
Dumka,Jharkhand,942,59.68,31.72,1067.41,93.19,92.59,41.46,18.09,45.37,55.62,39.27,60.27,68.97,78.9,,,38.17,75.12,1321442,1231264,248,35,10,0,0,2.8426072718767057,0.8121735062504873,20.141902955012085,0.8527821815630117,0.9746082075005849,100.0,Exact
Jamtara,Jharkhand,948,63.65,29.53,996.01,92.22,93.0,52.84,20.25,62.91,57.37,35.98,75.37,82.51,78.82,,50.11,41.92,72.84,791042,715296,129,13,4,0,1,1.817429427817295,0.5592090547130139,18.0344920144947,0.5452288283451886,0.6710508656556167,100.0,Exact
Ranchi,Jharkhand,979,73.32,25.43,1004.47,99.3,86.27,77.19,57.68,43.85,78.4,35.21,87.28,94.65,73.81,,,28.33,62.8,2914253,1656918,324,35,15,1,1,2.1123555903188933,0.9052952529938116,19.554377464666327,0.633706677095668,1.0863543035925736,100.0,Exact
Khunti,Jharkhand,987,63.14,29.81,992.33,92.87,68.59,55.16,18.66,58.17,59.89,37.43,73.77,80.07,71.91,,,38.48,66.85,531885,486903,108,5,5,0,1,1.0268985814422995,1.0268985814422995,22.181009359153677,0.3080695744326899,1.2322782977307596,100.0,Exact
Gumla,Jharkhand,986,65.14,30.71,1023.74,89.08,75.19,50.12,19.13,51.67,69.27,49.29,83.76,90.24,85.28,,,40.23,65.78,1025213,960132,243,2,10,0,1,0.2083046914382605,1.0415234571913028,25.309020009748657,0.0624914074314781,1.2498281486295637,100.0,Exact
Simdega,Jharkhand,988,68.2,30.03,1064.27,84.08,66.74,71.3,15.94,60.63,68.78,34.38,75.73,78.12,79.34,,,42.2,75.37,599578,556634,155,8,6,0,1,1.4372100877776062,1.077907565833205,27.845945450691115,0.4311630263332818,1.2934890789998454,100.0,Exact
Pashchimi Singhbhum,Jharkhand,990,58.42,35.8,1049.26,83.3,79.29,37.74,15.53,46.71,49.83,34.86,67.91,70.08,86.96,71.74,52.23,60.61,73.32,1502338,1284304,343,16,13,1,1,1.2458109606448318,1.0122214055239258,26.70707246882358,0.3737432881934495,1.2146656866287109,97.14285714285714,Fuzzy
Saraikela-Kharsawan,Jharkhand,984,64.37,26.16,995.87,93.49,85.69,60.87,31.53,63.08,68.27,54.39,81.84,89.05,80.87,,,40.02,76.05,1065056,806310,192,13,6,1,1,1.6122831169153302,0.7441306693455371,23.812181419057183,0.4836849350745991,0.8929568032146445,100.0,Exact
Bagalkot,Karnataka,881,67.29,26.5,1007.4,98.88,99.15,51.29,56.64,22.29,69.66,76.21,95.2,91.35,78.58,,79.12,48.26,63.84,1889752,1291906,233,55,8,5,1,4.2572756841442025,0.619240099511884,18.03536789828362,1.2771827052432607,0.7430881194142608,94.11764705882352,Fuzzy
Bidar,Karnataka,914,68.23,27.27,1033.68,98.75,98.88,56.5,65.15,21.44,73.79,55.27,98.98,91.72,74.75,,,36.82,69.33,1703300,1277348,275,58,8,4,0,4.540657675120641,0.6262976103614677,21.52898035617545,1.3621973025361922,0.7515571324337612,100.0,Exact
Raichur,Karnataka,891,55.27,29.29,1033.4,99.68,94.01,53.02,64.92,17.75,54.28,67.45,88.93,83.32,80.21,,,39.79,73.63,1928812,1438464,213,57,6,4,0,3.96256006406834,0.4171115856914041,14.807461292044849,1.188768019220502,0.500533902829685,100.0,Exact
Koppal,Karnataka,872,63.92,28.76,994.25,99.19,95.95,58.79,47.39,20.62,59.8,50.67,90.74,89.18,84.84,,,49.09,70.7,1389920,1156216,173,48,9,3,0,4.151473427110505,0.7784012675832198,14.962602143544112,1.2454420281331515,0.9340815210998636,100.0,Exact
Gadag,Karnataka,892,73.3,24.13,1059.81,98.6,95.53,55.2,56.27,28.27,70.67,68.68,96.19,98.22,74.26,,71.16,45.15,70.31,1064570,685261,188,42,2,4,0,6.129051558457288,0.2918595980217757,27.434802214046908,1.8387154675371864,0.3502315176261307,100.0,Exact
Dharwad,Karnataka,864,78.22,22.09,1021.94,99.38,87.94,79.32,79.05,24.48,81.76,85.21,99.69,98.97,,,,45.17,67.19,1847023,797484,185,53,0,3,1,6.645901359776497,0.0,23.19795757657834,1.9937704079329488,0.0,100.0,Exact
Uttara Kannada,Karnataka,897,81.14,18.16,1011.34,99.12,84.82,89.61,73.42,32.02,84.34,57.88,99.27,99.18,93.61,,,29.56,69.02,1437169,1018188,344,85,3,10,0,8.348163600435283,0.294641068250657,33.78550915940868,2.504449080130585,0.3535692819007884,100.0,Exact
Haveri,Karnataka,875,72.55,25.43,977.51,99.05,99.05,68.87,60.67,28.77,71.52,58.65,97.17,95.82,95.71,,67.99,29.91,66.91,1597668,1242167,310,72,5,6,1,5.796322072635967,0.4025223661552754,24.956386701627075,1.73889662179079,0.4830268393863305,100.0,Exact
Chitradurga,Karnataka,909,72.95,22.45,1023.01,99.78,97.82,63.05,80.59,35.33,75.61,79.32,98.32,95.11,,,,35.98,61.14,1659456,1329923,328,86,11,5,1,6.466539792153381,0.8271155548103162,24.66308199798033,1.939961937646014,0.9925386657723791,100.0,Exact
Davanagere,Karnataka,840,74.9,21.93,967.27,98.82,97.45,83.28,79.07,25.22,75.98,63.05,98.31,88.14,,,,38.41,70.15,1945497,1316487,227,89,4,4,1,6.7604161681809245,0.3038389289070078,17.242859215472695,2.0281248504542773,0.3646067146884094,94.73684210526316,Fuzzy
Udupi,Karnataka,894,81.99,19.49,1147.71,99.57,81.48,94.45,67.77,50.87,90.26,59.4,98.88,90.19,89.93,,,23.12,58.26,1177361,843300,318,62,6,2,1,7.35206925174908,0.711490572749911,37.70900035574528,2.205620775524724,0.8537886872998933,100.0,Exact
Mandya,Karnataka,873,67.69,18.06,1122.17,98.39,98.43,86.67,90.48,39.94,78.3,90.07,99.45,97.27,,,,24.27,58.22,1805769,1497407,410,116,10,6,0,7.746724838337205,0.6678211067532074,27.380665376881502,2.324017451501162,0.8013853281038489,100.0,Exact
Hassan,Karnataka,905,74.38,20.23,1101.64,99.28,96.8,87.87,86.13,36.89,82.04,75.77,100.0,97.1,,,,27.12,63.64,1776421,1399658,468,138,15,7,0,9.85955140470029,1.071690370076119,33.4367395463749,2.9578654214100872,1.2860284440913423,100.0,Exact
Dakshina Kannada,Karnataka,867,83.89,19.84,1062.81,99.83,88.62,97.1,82.04,36.29,92.72,82.0,100.0,91.89,,,,25.1,51.12,2089649,1093563,430,76,8,4,1,6.949759638905119,0.731553646200539,39.321008483278966,2.084927891671536,0.8778643754406468,100.0,Exact
Kodagu,Karnataka,898,83.63,21.23,1168.41,98.72,89.2,93.86,78.32,45.63,88.5,74.36,98.43,94.07,,,,30.41,54.37,554519,473531,196,30,7,2,0,6.335382477599143,1.4782559114398002,41.39116552031441,1.900614743279743,1.77390709372776,100.0,Exact
Yadgir,Karnataka,904,51.88,29.24,1020.25,99.04,95.17,37.37,48.79,16.74,48.05,63.59,93.34,93.04,82.63,,,57.6,75.99,1174271,953594,169,44,6,2,1,4.614122991545669,0.6291985897562274,17.722426944800407,1.3842368974637005,0.755038307707473,100.0,Exact
Kolar,Karnataka,883,71.64,21.75,1029.59,99.46,98.51,89.22,89.92,33.89,78.28,90.91,99.6,99.27,,,,31.09,57.93,1536401,1056328,240,68,2,5,1,6.437394445664604,0.1893351307548413,22.720215690580957,1.931218333699381,0.2272021569058095,100.0,Exact
Chikkaballapura,Karnataka,883,65.87,21.71,1067.01,99.88,98.05,84.91,89.35,26.12,76.32,90.52,98.97,97.48,,,,31.32,58.97,1255104,973985,200,61,2,5,1,6.262930127260686,0.2053419713855962,20.534197138559627,1.878879038178206,0.2464103656627155,100.0,Exact
Ramanagara,Karnataka,878,68.83,18.14,1064.36,99.61,98.34,89.63,91.98,35.71,82.67,88.74,100.0,100.0,,,,15.62,60.2,1082636,814877,241,65,4,3,1,7.976663962782114,0.4908716284788993,29.57501561585368,2.392999188834634,0.5890459541746791,100.0,Exact
Kasaragod,Kerala,922,90.81,24.07,1134.41,99.46,93.16,98.85,73.5,44.01,95.91,91.18,100.0,100.0,92.45,,,25.34,34.29,1307375,798328,247,43,6,5,2,5.386257277710415,0.751570782936337,30.939663897545877,1.6158771833131245,0.9018849395236044,100.0,Exact
Kannur,Kerala,919,96.66,23.89,1202.76,99.66,93.88,99.46,70.39,47.93,99.08,78.27,100.0,100.0,77.7,,,19.36,37.24,2523003,882017,414,86,12,9,3,9.750378960949732,1.3605179945511254,46.93787081201383,2.92511368828492,1.6326215934613506,100.0,Exact
Wayanad,Kerala,919,88.18,21.18,1018.58,96.96,94.09,97.62,55.73,64.75,93.72,94.19,100.0,100.0,,,,31.33,39.35,817420,785840,200,24,9,2,2,3.054056805456582,1.145271302046218,25.450473378804848,0.9162170416369744,1.3743255624554618,100.0,Exact
Kozhikode,Kerala,888,97.68,19.91,1112.48,99.6,93.34,99.63,73.83,61.11,99.05,91.75,100.0,100.0,,,,21.31,32.12,3086293,1013721,401,76,16,7,3,7.49713185383355,1.5783435481754842,39.55723517614808,2.2491395561500647,1.894012257810581,100.0,Exact
Malappuram,Kerala,905,94.9,26.97,1100.62,99.69,97.7,99.85,59.02,42.76,99.15,90.42,100.0,100.0,80.27,,88.45,29.36,47.21,4112920,2295709,588,98,21,7,5,4.268833724134897,0.9147500837431922,25.61300234480938,1.280650117240469,1.0977001004918303,100.0,Exact
Palakkad,Kerala,912,89.62,19.32,1147.87,98.93,94.68,98.96,67.48,53.79,94.4,68.39,100.0,100.0,,,,29.67,51.94,2809934,2133124,504,81,19,6,3,3.7972476049212327,0.8907124011543633,23.627318430621006,1.13917428147637,1.068854881385236,100.0,Exact
Thrissur,Kerala,852,97.79,18.8,1166.59,100.0,93.67,99.5,76.33,48.65,99.41,82.4,100.0,100.0,,,,22.04,48.71,3121200,1024794,471,86,24,6,3,8.391930475783425,2.3419340862651423,45.960456442953415,2.517579142735028,2.810320903518171,100.0,Exact
Ernakulam,Kerala,857,97.21,18.8,1046.03,100.0,98.16,99.31,88.35,46.24,99.32,82.18,99.12,100.0,,,,22.02,36.37,3282388,1048025,410,90,24,11,4,8.587581403115383,2.290021707497436,39.121204169747855,2.576274420934615,2.7480260489969224,100.0,Exact
Idukki,Kerala,857,92.95,19.02,1028.96,98.95,82.28,97.52,54.29,58.1,94.38,74.25,100.0,100.0,,,,24.25,32.03,1108974,1056929,309,41,13,4,2,3.8791631225938543,1.229978551066344,29.235644021500026,1.1637489367781564,1.475974261279613,100.0,Exact
Kottayam,Kerala,867,97.92,18.76,1070.55,99.63,97.14,98.59,72.48,53.19,99.7,55.12,98.69,99.33,,,86.56,23.41,36.81,1974551,1409158,333,59,20,3,5,4.18689742385169,1.4192872623226067,23.6311329176714,1.2560692271555072,1.703144714787128,100.0,Exact
Alappuzha,Kerala,886,97.78,16.63,1107.87,99.92,98.41,99.17,79.21,60.43,99.7,65.68,99.38,100.0,,,79.9,20.08,30.25,2127789,979643,366,65,16,6,4,6.635070122483395,1.6332480301497585,37.36054868967573,1.9905210367450183,1.9598976361797105,100.0,Exact
Pathanamthitta,Kerala,854,97.66,16.41,1173.67,99.63,94.07,98.94,60.12,50.11,99.66,83.91,99.07,99.15,,,,22.67,44.24,1197412,1065799,261,45,12,4,3,4.222184483190545,1.1259158621841454,24.488670002505163,1.2666553449571636,1.3510990346209744,100.0,Exact
Kollam,Kerala,859,96.61,18.89,1170.7,99.77,95.7,97.54,80.14,56.01,98.22,79.28,100.0,100.0,,,92.52,15.49,32.53,2635375,1448217,421,62,16,9,2,4.281126378160179,1.104806807267143,29.0702291162167,1.2843379134480537,1.3257681687205716,100.0,Exact
Thiruvananthapuram,Kerala,833,94.48,20.33,1144.5,99.89,92.89,95.43,72.2,48.68,98.48,55.33,99.45,100.0,,,80.77,19.53,33.03,3301427,1529831,487,88,22,8,7,5.752269368315846,1.4380673420789616,31.83358161783883,1.725680810494754,1.725680810494754,100.0,Exact
Sheopur,Madhya Pradesh,883,53.09,30.97,962.77,98.02,91.08,47.99,22.92,27.11,54.76,41.01,84.16,82.14,65.79,,,45.75,71.59,687861,580509,106,13,4,0,1,2.2394140314792708,0.689050471224391,18.25983748744636,0.6718242094437812,0.8268605654692692,100.0,Exact
Morena,Madhya Pradesh,932,66.95,31.07,964.34,99.46,97.11,62.68,32.57,36.27,70.71,64.92,94.76,89.99,69.73,,,39.96,74.66,1965970,1495508,239,26,5,5,1,1.7385396801621922,0.3343345538773447,15.981191675337078,0.5215619040486577,0.4012014646528136,100.0,Exact
Bhind,Madhya Pradesh,900,66.93,28.54,978.56,98.15,95.49,79.86,30.96,30.98,73.79,63.12,93.53,93.52,70.74,,,32.23,75.6,1703005,1270083,209,32,8,2,1,2.5195203778020807,0.6298800944505202,16.455617467519836,0.7558561133406242,0.7558561133406242,100.0,Exact
Gwalior,Madhya Pradesh,866,72.19,24.36,902.05,99.5,98.6,83.16,69.8,40.62,78.1,68.85,94.75,94.21,80.45,,,40.14,78.39,2032036,758244,121,50,6,4,1,6.594183402704142,0.7913020083244972,15.957923834544026,1.9782550208112428,0.9495624099893966,100.0,Exact
Datia,Madhya Pradesh,906,67.39,24.09,916.0,99.77,95.82,66.78,31.2,30.87,71.16,54.16,89.44,88.61,79.61,,,36.77,72.76,786754,604772,110,13,4,2,1,2.149570416619817,0.6614062820368668,18.18867275601384,0.6448711249859451,0.7936875384442401,100.0,Exact
Shivpuri,Madhya Pradesh,810,61.44,27.83,897.8,97.19,86.8,55.49,32.67,38.92,62.45,52.71,94.46,93.97,63.05,,,39.18,70.54,1726050,1430627,251,20,9,0,1,1.3979884344416815,0.6290947954987569,17.54475485224311,0.4193965303325045,0.7549137545985082,100.0,Exact
Tikamgarh,Madhya Pradesh,630,66.82,26.55,912.0,99.7,79.95,56.58,32.13,40.48,70.63,64.15,89.8,93.68,,,,27.5,67.48,1445166,1195293,148,14,7,0,1,1.1712609376947745,0.5856304688473872,12.381901341344758,0.3513782813084323,0.7027565626168647,100.0,Exact
Chhatarpur,Madhya Pradesh,935,65.06,29.62,928.94,96.76,86.5,55.46,30.13,17.08,63.68,36.88,85.22,84.44,72.91,,,45.11,87.21,1762375,1363359,239,42,11,1,1,3.080626599450328,0.8068307760465147,17.530232315919726,0.9241879798350984,0.9681969312558174,100.0,Exact
Panna,Madhya Pradesh,946,63.65,27.47,956.23,95.79,85.53,43.81,22.1,12.56,62.94,30.87,84.04,85.98,64.47,,,45.07,74.46,1016520,891185,157,18,5,1,1,2.019782648944944,0.56105073581804,17.616993104686458,0.6059347946834832,0.673260882981648,100.0,Exact
Sagar,Madhya Pradesh,925,76.43,26.94,937.49,98.6,86.69,68.81,32.74,27.47,74.33,35.91,86.89,82.46,75.89,,53.0,42.66,83.28,2378458,1669662,268,45,9,5,1,2.6951562651602536,0.5390312530320508,16.05115286806551,0.8085468795480762,0.6468375036384609,100.0,Exact
Damoh,Madhya Pradesh,942,70.31,28.37,953.38,97.28,80.98,40.63,28.08,21.56,68.29,46.43,84.98,85.19,60.78,,66.97,40.26,76.25,1264219,1013668,178,20,6,1,1,1.9730325905523307,0.5919097771656993,17.559990055915744,0.5919097771656993,0.710291732598839,100.0,Exact
Satna,Madhya Pradesh,666,71.91,27.48,1014.42,97.75,92.67,55.36,35.24,22.0,73.02,51.5,85.53,86.34,,,,49.38,81.82,2228935,1754517,307,53,12,3,1,3.0207743783616805,0.6839489158554748,17.497693097302562,0.906232313508504,0.8207386990265697,100.0,Exact
Rewa,Madhya Pradesh,859,65.22,28.63,1054.68,96.52,82.08,46.05,21.36,29.37,67.74,32.99,80.43,79.87,70.34,,69.54,36.97,78.0,2365106,1969321,322,44,10,3,1,2.2342726249301155,0.5077892329386626,16.350813300624935,0.6702817874790346,0.6093470795263951,100.0,Exact
Umaria,Madhya Pradesh,979,68.02,26.09,1026.42,98.17,79.48,53.69,26.86,19.86,67.66,48.86,92.19,85.61,90.64,,,45.25,71.48,644758,534214,125,13,5,0,1,2.433481713320879,0.935954505123415,23.39886262808537,0.7300445139962637,1.123145406148098,100.0,Exact
Neemuch,Madhya Pradesh,962,64.12,23.83,981.78,99.55,91.73,68.91,52.39,43.34,68.45,60.58,97.5,96.99,88.67,,,33.0,77.18,826067,580837,105,19,2,3,1,3.271141473425419,0.344330681413202,18.077360774193103,0.9813424420276255,0.4131968176958424,100.0,Exact
Mandsaur,Madhya Pradesh,932,63.09,22.92,973.72,99.93,77.55,65.35,45.57,48.43,67.21,60.78,99.35,96.38,75.11,,,30.93,65.37,1340411,1062807,179,41,7,3,1,3.8577088784699383,0.6586332231534041,16.842192420637048,1.1573126635409814,0.7903598677840848,100.0,Exact
Ratlam,Madhya Pradesh,915,66.17,28.18,991.35,98.97,90.98,69.4,53.09,37.89,63.41,65.09,95.19,96.12,93.0,,,28.99,74.01,1455069,1020038,197,34,8,2,1,3.333209154953051,0.7842845070477766,19.3130059860515,0.9999627464859152,0.941141408457332,100.0,Exact
Ujjain,Madhya Pradesh,902,68.92,23.68,956.56,99.27,94.66,72.83,60.71,35.74,66.31,60.25,97.11,90.32,93.65,,70.72,34.69,81.6,1986864,1207651,211,39,6,6,1,3.229409821214904,0.4968322801869083,17.471935186572942,0.9688229463644712,0.59619873622429,100.0,Exact
Dewas,Madhya Pradesh,953,68.57,25.02,945.56,99.58,93.58,69.61,50.96,35.07,67.29,49.07,92.23,91.85,87.14,,64.65,36.76,79.42,1563715,1111956,211,31,5,4,1,2.7878800959750203,0.449658079995971,18.975570975829974,0.8363640287925063,0.5395896959951653,100.0,Exact
Dhar,Madhya Pradesh,592,59.5,26.89,990.6,97.62,89.18,61.94,44.76,30.25,58.56,76.46,95.45,96.09,,,,28.82,65.0,2185793,1772572,477,53,15,4,1,2.9900054835572267,0.846227967044498,26.91004935201504,0.897001645067168,1.0154735604533978,100.0,Exact
Indore,Madhya Pradesh,868,77.98,23.77,986.8,100.0,98.87,90.02,86.88,40.31,81.71,74.59,96.5,97.8,84.57,,,28.69,78.78,3276697,848988,118,62,7,7,1,7.302812289455209,0.8245110649384915,13.898900808963145,2.190843686836563,0.9894132779261896,100.0,Exact
Barwani,Madhya Pradesh,981,54.1,33.26,996.96,99.32,90.44,60.98,40.46,29.22,52.47,64.22,85.11,89.91,76.14,,,45.84,78.19,1385881,1181812,332,28,11,2,1,2.3692431621950023,0.9307740994337508,28.092454637455024,0.7107729486585007,1.1169289193205012,100.0,Exact
Rajgarh,Madhya Pradesh,898,58.93,26.52,969.25,97.82,74.22,47.84,24.81,27.12,56.5,55.15,91.7,88.19,71.89,,,27.64,77.49,1545814,1269357,217,30,6,4,1,2.3634013126330893,0.4726802625266178,17.095269494712678,0.7090203937899267,0.5672163150319414,100.0,Exact
Vidisha,Madhya Pradesh,910,69.22,29.0,924.42,98.7,95.72,65.19,31.78,48.16,68.89,54.44,90.61,91.58,77.96,,,36.54,52.25,1458875,1119257,202,31,7,2,1,2.769694538430405,0.6254148957746076,18.047686992352965,0.8309083615291216,0.7504978749295292,100.0,Exact
Bhopal,Madhya Pradesh,376,78.27,22.51,927.3,99.59,96.73,79.57,83.61,50.65,81.28,64.57,98.26,92.14,,,,19.88,68.47,2371061,454010,66,59,3,4,1,12.995308473381645,0.660778396951609,14.537124732935398,3.898592542014493,0.7929340763419308,100.0,Exact
Sehore,Madhya Pradesh,933,68.46,25.56,894.04,99.16,92.2,75.16,33.73,33.24,69.68,44.97,94.67,86.93,60.33,,70.84,21.87,82.37,1311332,1062870,162,25,8,3,1,2.352122084544676,0.7526790670542964,15.241751107849502,0.7056366253634028,0.9032148804651556,100.0,Exact
Raisen,Madhya Pradesh,463,73.31,26.08,900.15,99.32,92.43,69.6,38.91,40.98,78.63,56.59,96.03,91.14,,,,30.38,61.13,1331597,1028172,188,27,6,6,1,2.626019771011076,0.5835599491135725,18.2848784055586,0.7878059313033229,0.700271938936287,100.0,Exact
Betul,Madhya Pradesh,911,71.24,24.33,993.43,98.11,87.09,59.83,36.02,51.27,76.06,74.02,87.61,83.46,80.91,,,30.75,57.76,1575362,1266211,321,38,10,1,1,3.001079598897814,0.7897577891836353,25.35122503279469,0.9003238796693441,0.9477093470203622,100.0,Exact
Harda,Madhya Pradesh,980,74.11,24.27,961.91,98.84,92.32,68.8,57.62,33.32,73.94,71.85,88.36,84.07,90.8,,58.23,38.83,85.61,570465,451101,81,8,4,0,1,1.7734387642678693,0.8867193821339346,17.956067488212174,0.5320316292803607,1.0640632585607217,100.0,Exact
Hoshangabad,Madhya Pradesh,942,73.99,24.74,951.04,97.22,93.53,68.49,47.31,28.62,73.55,31.46,91.75,82.02,73.45,,56.17,34.84,78.79,1241350,851364,161,21,5,3,1,2.4666300195920896,0.5872928618076404,18.91083015020602,0.7399890058776271,0.7047514341691685,100.0,Exact
Katni,Madhya Pradesh,739,71.36,25.31,978.5,97.88,93.98,53.48,29.53,18.13,72.03,52.88,91.75,93.3,,,,49.52,78.69,1292042,1028499,169,25,7,1,1,2.430726719228701,0.6806034813840363,16.43171262198602,0.7292180157686105,0.8167241776608437,100.0,Exact
Jabalpur,Madhya Pradesh,213,69.98,23.36,964.77,99.65,97.99,61.93,28.46,61.17,72.44,,94.73,94.73,,,,,,2463289,1023255,181,54,7,5,1,5.277276925106644,0.6840914532545651,17.688650434153754,1.5831830775319935,0.8209097439054781,100.0,Exact
Dindori,Madhya Pradesh,951,64.79,27.17,1036.7,97.41,66.07,47.85,12.14,47.23,66.79,56.5,77.62,84.33,80.33,,,38.91,78.12,704524,672206,189,25,7,0,1,3.719098014596716,1.0413474440870805,28.11638099035117,1.115729404379015,1.2496169329044966,100.0,Exact
Mandla,Madhya Pradesh,971,68.31,25.05,1052.48,96.82,79.7,58.43,22.3,42.64,69.07,54.42,87.61,76.66,88.87,,,32.05,70.24,1054905,924716,275,33,10,1,1,3.568663243633721,1.0814131041314308,29.73886036361434,1.0705989730901162,1.2976957249577168,100.0,Exact
Chhindwara,Madhya Pradesh,926,73.09,22.51,1032.35,98.89,89.06,77.09,43.59,48.45,75.03,66.95,92.16,92.31,,,,23.89,50.48,2090922,1585739,313,71,9,6,1,4.477407694456653,0.5675587218325336,19.738431103731447,1.343222308336996,0.6810704661990403,100.0,Exact
Seoni,Madhya Pradesh,909,71.32,24.21,1089.43,99.2,79.12,56.2,28.98,44.62,73.74,64.5,94.81,86.12,88.84,,,23.49,71.75,1379131,1215241,284,38,5,3,1,3.1269517733519523,0.4114410228094673,23.36985009557775,0.9380855320055858,0.4937292273713609,100.0,Exact
Balaghat,Madhya Pradesh,830,72.75,23.07,1037.0,98.68,83.33,79.57,31.11,68.38,79.79,69.12,95.1,97.69,,,,41.88,56.75,1701698,1456882,294,42,7,3,1,2.8828690312599097,0.4804781718766516,20.18008321881937,0.864860709377973,0.576573806251982,100.0,Exact
Guna,Madhya Pradesh,955,61.43,28.61,906.75,98.28,81.35,55.64,34.49,43.09,56.77,68.34,97.98,92.8,78.78,,,31.88,75.12,1241519,928844,162,22,6,1,1,2.368535512960196,0.6459642308073261,17.441034231797804,0.7105606538880587,0.7751570769687913,100.0,Exact
Ashoknagar,Madhya Pradesh,827,62.4,28.59,934.91,98.59,90.07,53.67,20.3,34.22,61.25,57.92,91.32,92.07,69.12,,,32.56,59.67,845071,691387,133,11,3,2,1,1.59100474842599,0.4339103859343609,19.236693776423333,0.477301424527797,0.5206924631212331,100.0,Exact
Shahdol,Madhya Pradesh,868,67.2,24.7,979.09,97.48,79.16,61.41,26.54,58.42,72.07,57.38,85.63,86.86,86.13,,,43.97,57.28,1066063,846463,229,32,8,2,1,3.780436947627953,0.9451092369069884,27.053751906462537,1.1341310842883858,1.1341310842883858,100.0,Exact
Anuppur,Madhya Pradesh,948,64.98,24.11,1008.31,97.01,79.75,69.42,21.66,52.75,74.95,63.55,84.8,85.26,86.57,,,24.04,49.18,749237,543996,162,22,9,0,1,4.044147383436643,1.6544239295877177,29.77963073257892,1.213244215030993,1.985308715505261,100.0,Exact
Sidhi,Madhya Pradesh,978,66.68,30.68,1052.51,96.37,83.65,44.71,20.86,26.12,71.7,39.35,83.79,75.89,78.17,,65.32,39.08,72.46,1127033,1033912,194,29,7,0,1,2.804880879610644,0.6770402123198106,18.76368588429189,0.8414642638831932,0.8124482547837728,100.0,Exact
Singrauli,Madhya Pradesh,706,60.88,29.54,914.6,92.7,77.9,52.57,31.67,58.46,65.36,58.07,69.85,77.53,76.92,,,37.29,56.57,1178273,951487,205,19,7,0,1,1.996874366123762,0.7356905559403334,21.545223423966902,0.5990623098371286,0.8828286671284,100.0,Exact
Jhabua,Madhya Pradesh,960,45.88,38.87,1061.39,98.88,85.19,57.63,17.46,43.7,38.6,63.61,92.85,94.19,88.88,,,49.33,80.08,1025048,933065,294,19,8,2,1,2.0362997218843275,0.8573893565828747,31.509058854420644,0.6108899165652982,1.0288672278994495,100.0,Exact
Alirajpur,Madhya Pradesh,974,45.36,34.76,1008.29,98.51,89.62,84.69,17.37,42.53,42.13,54.71,83.17,87.48,84.13,,,34.6,76.37,728999,671925,194,15,8,0,1,2.2323920080366118,1.1906090709528594,28.87226997060684,0.6697176024109833,1.428730885143431,100.0,Exact
Shajapur,Madhya Pradesh,970,62.63,24.95,957.18,99.87,91.75,74.51,37.71,34.33,61.98,64.68,98.14,95.37,89.98,,77.16,27.82,76.07,1512681,1219133,119,18,5,3,1,1.4764590901895036,0.4101275250526399,9.76103509625283,0.4429377270568511,0.4921530300631678,100.0,Exact
Nandurbar,Maharastra,897,63.51,26.6,960.8,96.17,94.6,54.09,40.3,15.34,57.66,58.17,76.29,77.94,72.4,,77.17,45.82,79.29,1648295,1372821,293,63,12,2,1,4.589090638910681,0.8741125026496536,21.342913606362373,1.3767271916732042,1.0489350031795843,100.0,Exact
Dhule,Maharastra,838,73.54,27.34,999.46,95.96,89.92,58.9,65.05,19.83,68.75,63.17,77.2,84.2,56.61,,75.22,37.6,72.18,2050862,1479826,232,47,5,2,1,3.176049076040021,0.3378775612808533,15.677518843431592,0.9528147228120064,0.4054530735370239,100.0,Exact
Jalgaon,Maharastra,842,77.49,25.06,983.22,96.77,94.32,59.73,79.46,11.89,76.51,58.39,86.51,81.86,,,61.83,36.34,85.18,4229917,2887206,442,95,17,3,0,3.290378310380347,0.5888045397522726,15.308918033559088,0.987113493114104,0.7065654477027271,100.0,Exact
Buldana,Maharastra,931,78.06,23.99,957.44,97.08,89.71,68.86,69.15,37.88,79.88,72.7,93.94,92.39,,,,44.95,79.4,2586258,2037398,280,58,12,1,1,2.846768279933523,0.5889865406759013,13.743019282437698,0.8540304839800569,0.7067838488110816,93.33333333333331,Fuzzy
Akola,Maharastra,926,86.29,23.53,951.1,97.59,95.09,69.48,75.52,40.12,87.52,76.28,97.67,86.42,69.51,,75.75,31.79,77.5,1813906,1094165,178,42,5,1,0,3.838543546905632,0.456969469869718,16.26811312736196,1.1515630640716894,0.5483633638436616,100.0,Exact
Washim,Maharastra,903,75.95,21.95,947.5,97.16,73.71,61.48,61.35,24.12,77.95,59.97,92.94,83.09,71.58,79.46,79.38,35.32,70.36,1197160,985747,150,27,6,1,1,2.739039530427178,0.6086754512060397,15.216886280150993,0.8217118591281536,0.7304105414472477,100.0,Exact
Amravati,Maharastra,913,86.16,21.14,994.42,99.06,95.81,75.71,71.72,31.87,87.81,71.7,91.34,89.72,,,78.5,29.04,74.41,2888445,1851158,334,75,9,5,1,4.051518022772773,0.4861821627327327,18.04276026141475,1.2154554068318315,0.5834185952792792,100.0,Exact
Wardha,Maharastra,909,85.05,20.37,979.06,98.81,98.46,80.23,83.86,27.06,92.95,70.37,98.79,98.98,,,,27.65,71.38,1300774,877474,181,32,9,2,1,3.646831700996269,1.0256714159052005,20.627391808760144,1.0940495102988808,1.2308056990862408,100.0,Exact
Nagpur,Maharastra,917,86.5,20.9,971.17,99.51,99.48,88.85,96.03,25.61,94.59,71.44,100.0,96.63,89.41,,,27.6,70.47,4653570,1474811,316,105,10,2,0,7.119556336371237,0.6780529844163082,21.426474307555345,2.135866900911371,0.8136635812995698,100.0,Exact
Bhandara,Maharastra,918,80.28,22.5,1004.44,98.83,92.03,81.82,71.4,29.96,89.09,78.97,100.0,98.37,,,,31.25,72.75,1200334,966503,193,34,7,2,1,3.517836985503408,0.7242605558389368,19.968898182416403,1.0553510956510224,0.8691126670067243,100.0,Exact
Gondiya,Maharastra,915,80.35,21.57,993.71,98.22,91.56,74.31,68.01,30.6,87.52,66.2,99.14,98.3,,,,36.94,78.03,1322507,1096577,258,41,10,1,0,3.7389075276975534,0.9119286652920864,23.527759564535824,1.1216722583092662,1.0943143983505037,92.3076923076923,Fuzzy
Gadchiroli,Maharastra,921,67.07,22.74,1047.91,95.81,82.99,62.39,60.53,33.28,79.35,86.76,97.33,98.22,,,,35.71,76.57,1072942,954909,376,48,9,3,1,5.0266569903519605,0.9424981856909924,39.37547975775703,1.507997097105588,1.130997822829191,100.0,Exact
Yavatmal,Maharastra,913,77.58,22.12,985.87,97.15,89.45,66.44,71.8,29.03,80.75,66.92,96.29,96.79,74.68,,,36.62,75.21,2772348,2174195,450,69,14,3,0,3.173588385586389,0.6439164840320211,20.697315558172107,0.9520765156759168,0.7726997808384252,100.0,Exact
Nanded,Maharastra,908,68.12,24.76,970.09,96.44,94.76,68.04,64.54,15.73,71.91,53.48,94.81,92.56,75.65,,81.59,35.98,76.12,3361292,2447394,379,79,13,4,1,3.227923252242998,0.531177244039987,15.485859653165774,0.9683769756728994,0.6374126928479844,100.0,Exact
Hingoli,Maharastra,907,69.43,24.83,961.97,98.13,92.41,69.04,53.1,14.66,76.54,66.61,94.04,95.25,76.88,,69.49,37.39,72.51,1177345,998612,132,27,3,2,1,2.703752808898752,0.3004169787665279,13.21834706572723,0.8111258426696254,0.3605003745198335,100.0,Exact
Parbhani,Maharastra,860,67.08,29.5,965.81,96.8,88.97,60.05,54.76,10.5,73.36,47.35,85.61,90.83,51.99,76.7,74.46,37.63,75.42,1836086,1266280,214,38,6,2,1,3.0009160691158354,0.4738288530182898,16.899895757652335,0.9002748207347506,0.5685946236219478,100.0,Exact
Jalna,Maharastra,863,67.62,26.86,948.18,95.72,82.78,63.64,56.39,9.65,71.81,58.39,92.79,86.49,54.34,76.37,68.7,37.97,68.31,1959046,1581617,218,44,9,1,1,2.781963016330755,0.5690378897040181,13.783362217275103,0.8345889048992265,0.6828454676448217,100.0,Exact
Aurangabad,Maharastra,875,78.43,27.35,978.43,97.02,91.65,69.11,78.44,12.44,83.1,57.21,94.8,96.26,56.65,,64.19,34.22,64.5,3701282,2081112,279,74,10,3,1,3.555791326944441,0.4805123414789786,13.406294327263502,1.0667373980833323,0.5766148097747742,100.0,Exact
Nashik,Maharastra,860,78.19,25.48,913.16,95.3,86.34,68.32,72.5,14.73,79.99,66.41,90.49,89.93,70.37,75.32,76.26,42.21,67.28,6107187,3509814,589,155,24,6,1,4.416188436196334,0.6837969191529807,16.78151605754607,1.3248565308589002,0.820556302983577,100.0,Exact
Mumbai Suburban,Maharastra,635,88.54,20.21,921.36,99.17,99.79,62.63,98.68,20.19,91.58,72.2,98.08,98.53,,,,37.23,65.56,9356962,0,0,100,0,0,0,,,,,,100.0,Exact
Mumbai,Maharastra,826,92.5,16.17,938.54,99.64,100.0,58.55,98.25,30.69,94.26,87.05,99.53,98.27,,,,26.6,72.79,3085411,0,0,38,0,0,0,,,,,,100.0,Exact
Pune,Maharastra,786,84.81,22.82,917.68,99.37,96.93,79.62,89.49,14.42,89.01,68.59,97.97,98.46,,,94.33,30.7,58.73,9429408,3678226,546,192,41,5,1,5.21990764025919,1.1146677773470144,14.844112351987071,1.565972292077757,1.3376013328164174,100.0,Exact
Ahmadnagar,Maharastra,883,77.4,23.01,966.65,94.48,89.98,79.5,77.44,12.03,86.19,76.61,97.9,95.0,83.53,,,31.68,64.45,4543159,3630542,565,107,23,2,1,2.9472183492161776,0.63351422459787,15.562414647730284,0.8841655047648532,0.7602170695174439,90.0,Fuzzy
Latur,Maharastra,906,70.63,23.68,978.57,97.24,94.6,72.46,78.47,33.59,83.29,72.64,94.71,93.4,79.2,,64.45,43.17,59.5,2454196,1829216,252,60,10,1,0,3.280093766947151,0.5466822944911919,13.776393821178036,0.9840281300841454,0.6560187533894303,100.0,Exact
Osmanabad,Maharastra,919,71.3,24.72,992.4,96.76,96.41,71.17,69.66,14.82,83.7,89.15,98.08,99.03,89.27,,71.24,37.23,67.43,1657576,1376519,215,46,6,4,1,3.3417628089405227,0.4358821055139812,15.619108780917662,1.002528842682157,0.5230585266167775,100.0,Exact
Solapur,Maharastra,912,71.96,25.68,961.75,97.12,90.35,67.77,73.07,20.49,76.44,81.92,96.23,96.25,83.63,,80.7,36.33,70.92,4317756,2918665,430,96,16,3,0,3.289175016660014,0.5481958361100023,14.732763095456312,0.9867525049980044,0.6578350033320028,100.0,Exact
Satara,Maharastra,896,78.47,20.57,1048.91,97.9,95.55,78.71,82.1,11.36,87.18,81.69,97.1,97.85,,,77.7,20.17,68.94,3003741,2433363,402,76,15,2,1,3.1232495932583832,0.6164308407746809,16.520346532761447,0.9369748779775152,0.7397170089296172,100.0,Exact
Ratnagiri,Maharastra,869,80.25,16.32,1069.03,99.23,90.9,85.55,58.05,16.55,87.2,78.56,97.79,95.55,,,,31.74,69.35,1615069,1351346,378,70,8,3,1,5.180020512881232,0.5920023443292836,27.972110769558647,1.5540061538643697,0.7104028131951403,100.0,Exact
Sindhudurg,Maharastra,861,83.07,16.17,1034.71,99.38,73.19,87.85,66.03,13.23,92.07,73.35,100.0,98.63,,,,30.83,55.64,849651,742645,248,38,7,3,1,5.116845868483596,0.942576870510136,33.39415198378768,1.5350537605450787,1.1310922446121632,100.0,Exact
Kolhapur,Maharastra,887,80.18,20.72,1024.9,98.75,97.29,82.03,84.68,16.45,90.74,81.75,99.18,93.6,,,,33.58,66.4,3876001,2645992,413,92,18,4,0,3.4769568464303746,0.6802741656059429,15.608512799736356,1.0430870539291124,0.8163289987271315,100.0,Exact
Sangli,Maharastra,898,80.38,21.37,1027.44,98.19,96.75,84.69,87.31,12.28,90.33,80.09,98.01,97.63,74.95,,,34.97,62.74,2822143,2102786,328,75,14,2,0,3.566696753735283,0.6657833940305861,15.5983538030023,1.0700090261205848,0.7989400728367033,100.0,Exact
Thane,Maharastra,755,86.1,22.47,981.59,99.29,96.73,74.68,90.4,22.73,90.49,70.19,93.62,93.86,,,,40.76,67.94,11060148,2545470,180,143,12,3,1,5.617823034645861,0.4714257092010513,7.071385638015769,1.6853469103937582,0.5657108510412615,100.0,Exact
Senapati,Manipur,859,79.62,32.96,1053.3,98.8,64.4,84.38,49.95,15.35,81.89,64.92,45.75,65.02,64.96,,,27.31,48.48,479148,471672,32,8,1,0,1,1.6960938957580691,0.2120117369697586,6.7843755830322765,0.5088281687274208,0.2544140843637104,100.0,Exact
Tamenglong,Manipur,882,78.4,33.2,1031.71,93.63,51.6,77.91,30.54,16.77,76.79,56.42,57.69,69.85,67.37,,,27.08,36.95,140651,121288,15,3,0,0,1,2.473451619286327,0.0,12.367258096431634,0.7420354857858981,0.0,100.0,Exact
Churachandpur,Manipur,847,84.0,34.1,1144.31,93.97,62.49,81.15,62.32,18.15,84.19,61.31,72.94,80.0,64.87,,,25.07,41.13,274143,255786,50,7,0,0,1,2.736662678958192,0.0,19.54759056398708,0.8209988036874576,0.0,100.0,Exact
Bishnupur,Manipur,907,81.47,26.38,1093.95,98.64,77.68,52.62,71.28,9.31,88.38,77.39,89.5,92.58,66.61,,49.75,15.5,42.35,237399,149894,33,7,2,0,1,4.669966776522076,1.3342762218634503,22.01555766074693,1.4009900329566227,1.6011314662361402,100.0,Exact
Thoubal,Manipur,893,79.87,28.53,1095.31,98.61,72.54,61.25,74.71,19.14,85.4,89.88,87.8,91.07,74.24,,,31.48,39.7,422168,270835,37,10,3,0,1,3.6922849705540273,1.1076854911662082,13.6614543910499,1.1076854911662082,1.3292225893994498,100.0,Exact
Imphal West,Manipur,885,89.01,24.8,1040.57,99.42,89.12,58.71,88.57,15.68,92.5,93.39,95.67,97.98,,,,15.58,41.78,517992,195113,54,12,2,0,0,6.150282144193365,1.0250470240322274,27.67626964887014,1.8450846432580092,1.230056428838673,100.0,Exact
Imphal East,Manipur,896,87.17,25.95,1058.52,98.61,90.18,59.47,78.97,6.97,90.03,87.1,91.65,93.0,76.19,,44.15,18.38,50.32,456113,272906,44,14,1,0,0,5.129971492015566,0.3664265351439689,16.122767546334636,1.5389914476046698,0.4397118421727627,100.0,Exact
Ukhrul,Manipur,865,83.68,30.87,968.93,94.95,50.85,81.44,22.86,17.03,86.89,38.81,44.58,54.51,39.36,,,27.14,34.61,183998,156811,18,6,0,0,1,3.8262621882393457,0.0,11.478786564718035,1.1478786564718038,0.0,100.0,Exact
Chandel,Manipur,847,76.87,29.8,1076.94,99.85,68.64,85.2,52.0,16.11,80.17,66.62,55.52,74.03,55.54,,,33.98,42.36,144182,127335,15,2,1,0,1,1.5706600698943731,0.7853300349471866,11.779950524207798,0.4711980209683118,0.9423960419366236,100.0,Exact
South Garo Hills,Meghalaya,921,89.18,31.44,983.61,98.64,60.35,88.39,22.31,79.5,88.57,33.25,88.28,91.19,,,,29.83,33.56,142334,129203,26,7,1,0,1,5.417830855320696,0.7739758364743853,20.123371748334016,1.625349256596209,0.9287710037692624,100.0,Exact
Ribhoi,Meghalaya,927,85.32,40.36,997.56,92.08,86.16,85.32,21.04,66.84,89.46,60.95,56.94,65.77,74.76,53.47,68.71,42.49,45.67,258840,233587,35,10,3,0,1,4.281060161738453,1.284318048521536,14.983710566084584,1.2843180485215355,1.541181658225843,100.0,Exact
East Khasi Hills,Meghalaya,918,88.66,34.25,1049.3,96.59,90.01,80.92,47.38,47.09,93.74,57.45,63.41,68.72,49.12,,72.65,44.64,38.97,825922,459441,74,44,6,1,2,9.57685535248269,1.3059348207930943,16.10652945644816,2.8730566057448077,1.567121784951713,100.0,Exact
East Garo Hills,Meghalaya,919,90.89,31.05,1025.95,97.38,67.0,83.92,29.09,71.85,86.67,25.52,73.82,80.83,72.4,,64.07,39.73,28.0,317917,273725,31,9,1,0,1,3.2879715042469635,0.3653301671385515,11.325235181295096,0.9863914512740888,0.4383962005662617,100.0,Exact
West Garo Hills,Meghalaya,923,88.71,30.79,1024.68,94.74,83.68,86.31,47.56,77.86,88.99,48.03,89.63,87.52,,,,39.5,30.19,643291,568433,67,15,5,1,2,2.6388334245196883,0.8796111415065628,11.78678929618794,0.7916500273559065,1.0555333698078753,100.0,Exact
West Khasi Hills,Meghalaya,924,85.06,50.56,1038.25,84.99,80.52,87.78,8.61,60.12,87.37,64.0,41.74,49.25,62.52,77.35,75.31,58.99,56.19,383461,340356,46,17,2,0,2,4.994770181809635,0.5876200213893688,13.51526049195548,1.4984310545428905,0.7051440256672425,100.0,Exact
Mamit,Mizoram,917,90.66,30.72,991.18,97.93,97.29,92.69,73.27,61.7,89.63,52.48,74.96,81.08,85.87,,,26.41,45.49,86364,71465,39,8,1,0,1,11.194290911635068,1.399286363954383,54.57216819422095,3.35828727349052,1.67914363674526,100.0,Exact
Kolasib,Mizoram,918,93.92,28.58,1002.45,99.14,95.27,96.81,87.5,61.05,96.86,65.98,91.36,93.2,80.35,,,30.4,53.82,83955,37077,28,5,1,0,1,13.485449200312862,2.6970898400625725,75.51851552175202,4.045634760093859,3.236507808075087,100.0,Exact
Aizawl,Mizoram,876,97.83,25.08,1051.82,99.67,98.27,96.06,95.38,37.46,98.86,68.51,97.44,97.78,66.39,,,25.34,43.97,400309,85555,67,12,3,1,2,14.026065104318858,3.5065162760797146,78.31219683244697,4.207819531295658,4.207819531295658,100.0,Exact
Champhai,Mizoram,902,93.28,27.17,944.43,100.0,98.6,98.3,79.44,64.92,97.73,63.43,96.67,97.51,,,,27.22,38.34,125745,77216,34,6,0,0,1,7.770410277662661,0.0,44.03232490675508,2.3311230832987984,0.0,100.0,Exact
Serchhip,Mizoram,915,96.76,29.01,980.64,99.31,97.73,98.2,81.78,58.83,99.72,60.25,96.18,96.79,84.67,,,31.77,43.22,64937,32918,29,5,1,0,1,15.189258156631633,3.037851631326326,88.09769730846345,4.556777446989489,3.645421957591592,100.0,Exact
Lunglei,Mizoram,915,89.82,24.56,1004.28,97.96,96.0,95.58,79.88,46.52,91.58,56.72,82.69,80.18,,,,26.46,45.71,161428,92676,56,7,0,1,1,7.553196080970262,0.0,60.4255686477621,2.2659588242910784,0.0,100.0,Exact
Lawngtlai,Mizoram,923,79.91,32.81,1050.77,88.98,82.22,90.32,56.26,31.29,75.99,33.01,53.68,59.89,70.2,,,32.72,55.29,117894,97064,38,5,1,0,1,5.151240418692821,1.030248083738564,39.14942718206544,1.5453721256078463,1.2362977004862772,100.0,Exact
Mon,Nagaland,899,79.38,23.46,1006.44,96.36,86.73,86.44,13.0,39.26,78.22,9.66,21.4,30.94,62.38,,,35.51,39.4,250260,215816,57,14,3,0,1,6.487007450791416,1.390073025169589,26.41138747822219,1.9461022352374244,1.6680876302035066,100.0,Exact
Mokokchung,Nagaland,921,88.02,20.4,1041.07,97.68,97.44,96.72,46.2,22.3,94.04,18.21,51.48,61.68,,,,31.44,35.53,194622,138897,55,17,3,0,1,12.239285225742815,2.1598738633663794,39.59768749505029,3.671785567722845,2.5918486360396558,100.0,Exact
Zunheboto,Nagaland,924,87.37,22.21,1131.58,99.39,91.03,88.94,18.58,18.06,87.13,11.21,34.98,40.52,,,,44.01,34.85,140757,113160,47,13,2,0,1,11.488158359844467,1.7674089784376106,41.534110993283846,3.4464475079533408,2.1208907741251326,100.0,Exact
Wokha,Nagaland,921,85.83,21.37,1104.61,99.7,83.41,88.47,41.23,20.6,91.63,34.7,43.59,63.48,,,,26.31,45.35,166343,131339,40,14,2,0,1,10.659438552143689,1.522776936020527,30.45553872041054,3.197831565643107,1.8273323232246328,100.0,Exact
Dimapur,Nagaland,912,89.8,24.5,1009.99,99.84,92.42,81.14,84.2,5.66,86.62,50.08,73.71,80.73,,,,28.27,48.9,378811,180942,54,12,2,0,1,6.631959412408396,1.105326568734733,29.843817355837785,1.9895878237225189,1.3263918824816794,100.0,Exact
Phek,Nagaland,919,80.53,24.29,1020.91,99.41,98.08,90.07,24.19,24.93,85.82,9.48,32.2,50.65,54.59,,,28.0,44.89,163418,138843,49,22,4,0,1,15.845235265731798,2.880951866496691,35.29166036458446,4.75357057971954,3.4571422397960285,100.0,Exact
Tuensang,Nagaland,924,80.51,32.8,945.82,96.55,90.37,92.01,19.68,21.99,77.77,4.36,34.84,39.15,39.94,,,37.12,38.83,196596,159822,36,11,1,0,1,6.882656955863397,0.6256960868966726,22.52505912828021,2.0647970867590195,0.7508353042760071,100.0,Exact
Longleng,Nagaland,924,81.16,28.75,968.95,99.08,76.28,86.63,11.81,38.27,82.0,15.39,38.68,44.61,53.02,,,34.06,40.4,50484,42871,10,3,0,0,1,6.997737398241235,0.0,23.325791327470785,2.0993212194723707,0.0,100.0,Exact
Kiphire,Nagaland,922,77.4,32.37,953.65,97.91,90.86,83.09,16.44,8.76,73.69,5.77,34.77,46.68,42.84,,,36.87,55.21,74004,57517,25,4,1,0,1,6.954465636246675,1.7386164090616687,43.46541022654172,2.0863396908740026,2.0863396908740026,100.0,Exact
Kohima,Nagaland,923,90.35,18.69,954.05,99.49,89.87,87.44,61.68,26.72,95.23,28.31,66.88,78.86,,,,28.25,38.37,267988,146900,42,16,3,0,1,10.891763104152483,2.0422055820285907,28.59087814840027,3.2675289312457454,2.450646698434309,100.0,Exact
Peren,Nagaland,923,81.12,28.52,1079.39,98.2,92.45,89.4,31.37,5.4,77.59,14.54,43.47,52.49,63.3,,,34.88,50.98,95219,81429,18,7,2,0,1,8.596445983617631,2.456127423890752,22.105146815016763,2.578933795085289,2.947352908668901,100.0,Exact
Central,NCT of Delhi,804,84.36,23.93,901.12,99.78,99.65,76.99,98.81,22.61,84.69,73.06,92.2,90.87,,,,33.46,70.34,582320,0,1,70,0,4,8,,,,,,100.0,Exact
East,NCT of Delhi,887,84.35,24.55,885.18,99.53,98.36,78.01,99.08,30.67,84.32,89.66,92.57,94.92,74.61,,,35.21,65.94,1709346,3530,0,33,0,0,2,934.8441926345608,0.0,0.0,280.45325779036824,0.0,100.0,Exact
New Delhi,NCT of Delhi,852,85.89,25.28,858.68,100.0,99.11,69.44,98.33,25.18,83.85,80.06,91.76,92.81,82.17,,82.29,27.35,72.85,142004,0,1,72,0,1,2,,,,,,100.0,Exact
North,NCT of Delhi,800,80.75,25.89,904.99,99.83,99.26,70.19,98.06,18.05,81.86,50.64,89.74,91.31,66.23,,69.51,24.95,67.48,887978,17746,0,41,0,0,4,231.03798038994705,0.0,0.0,69.3113941169841,0.0,100.0,Exact
North East,NCT of Delhi,869,82.68,25.78,906.45,99.86,98.2,89.52,99.73,19.36,85.06,86.19,89.19,89.8,86.4,,,38.69,62.54,2241624,21527,0,27,0,1,1,125.42388628234308,0.0,0.0,37.62716588470293,0.0,100.0,Exact
North West,NCT of Delhi,868,84.17,24.4,903.92,100.0,99.66,88.22,99.09,28.21,86.4,77.93,93.97,95.46,78.28,,79.18,26.87,73.62,3656539,213950,0,59,0,1,3,27.57653657396588,0.0,0.0,8.272960972189765,0.0,100.0,Exact
South,NCT of Delhi,875,83.51,22.89,921.78,99.89,100.0,89.46,97.69,28.68,86.62,85.57,81.97,90.0,,,,33.37,65.36,2731929,12193,0,32,0,0,4,262.44566554580496,0.0,0.0,78.73369966374149,0.0,100.0,Exact
West,NCT of Delhi,855,83.28,25.41,952.62,100.0,99.78,76.82,98.99,20.96,83.23,67.06,91.75,93.92,67.52,,82.2,36.12,68.46,2543243,6420,0,59,0,2,4,919.0031152647975,0.0,0.0,275.70093457943926,0.0,100.0,Exact
Bargarh,Odisha,896,72.07,22.18,956.54,98.39,98.04,61.91,31.88,45.51,75.73,70.1,99.59,96.22,95.9,,,38.85,56.16,1481255,1331145,204,49,15,1,1,3.6810415093772657,1.1268494416461017,15.325152406386984,1.1043124528131798,1.352219329975322,100.0,Exact
Jharsuguda,Odisha,854,77.75,19.64,955.8,98.13,88.36,69.99,41.78,37.74,81.01,94.06,98.58,96.77,,,,27.05,65.54,579505,348340,66,20,6,0,1,5.741516908767297,1.722455072630189,18.94700579893208,1.722455072630189,2.066946087156227,100.0,Exact
Sambalpur,Odisha,890,74.62,22.56,1067.36,98.84,92.99,62.36,42.56,49.32,76.55,88.95,99.52,97.62,,,,40.71,64.51,1041099,733006,167,37,11,2,1,5.047707658600339,1.5006698444487494,22.782896729358285,1.5143122975801018,1.8008038133384994,100.0,Exact
Sundargarh,Odisha,862,71.98,21.93,1030.43,97.11,91.47,65.46,40.15,39.34,74.12,73.07,91.34,88.15,,,,32.91,77.05,2093437,1355340,390,71,21,1,2,5.238537931441557,1.5494267121165168,28.77506751073531,1.5715613794324672,1.8593120545398203,100.0,Exact
Kendujhar,Odisha,892,68.16,27.19,1114.81,91.1,92.91,47.59,27.89,43.26,66.96,57.05,80.43,79.92,85.97,46.9,62.13,36.16,64.64,1801733,1548674,351,69,17,2,1,4.455424446978512,1.0977132695454306,22.6645504476733,1.3366273340935535,1.3172559234545165,100.0,Exact
Mayurbhanj,Odisha,896,62.96,25.98,1056.37,90.34,80.09,54.43,16.12,46.45,61.45,52.94,91.68,87.14,84.41,,,36.72,71.73,2519738,2326842,589,88,28,3,1,3.781949956206738,1.2033477133385075,25.313278684156465,1.1345849868620217,1.4440172560062092,100.0,Exact
Baleshwar,Odisha,893,77.13,25.03,1073.48,97.14,98.49,70.86,28.43,40.58,76.46,56.61,97.58,93.46,94.05,,68.07,24.42,43.17,2320529,2067236,275,74,17,1,1,3.579659022965931,0.8223540998705517,13.30278690967069,1.0738977068897797,0.986824919844662,100.0,Exact
Bhadrak,Odisha,853,81.21,26.79,1149.82,97.8,100.0,62.02,22.85,44.93,82.58,74.87,96.06,97.19,83.68,,62.88,32.31,68.68,1506337,1320499,178,55,7,0,1,4.165092135624487,0.5301026354431165,13.479752729839252,1.2495276406873463,0.63612316253174,100.0,Exact
Kendrapara,Odisha,833,84.29,25.09,1127.3,99.54,99.73,57.31,27.91,49.96,86.74,77.1,96.66,94.58,,,72.69,28.64,61.52,1440361,1356827,227,47,8,1,1,3.46396408679957,0.5896109083914162,16.730209525606433,1.039189226039871,0.7075330900696993,100.0,Exact
Jagatsinghapur,Odisha,885,84.66,20.39,1095.2,98.24,99.47,60.05,30.49,56.84,86.28,82.6,98.31,96.7,,,,13.16,58.15,1136971,1020991,189,36,11,0,1,3.5259860273009265,1.0773846194530607,18.511426643329862,1.057795808190278,1.292861543343673,100.0,Exact
Cuttack,Odisha,879,80.59,21.34,1019.42,98.2,92.33,60.22,45.14,42.29,83.15,84.2,98.86,98.86,,,63.26,20.42,63.78,2624470,1888423,332,73,22,2,1,3.865659335858544,1.1649932245053147,17.580806842534752,1.1596978007575631,1.3979918694063775,100.0,Exact
Jajapur,Odisha,889,78.65,25.39,1017.96,96.97,92.02,47.35,28.35,53.92,78.36,73.83,93.81,96.11,79.48,,62.59,25.5,66.4,1827192,1692095,260,63,12,0,1,3.723195210670796,0.7091800401277706,15.365567536101697,1.1169585632012389,0.8510160481533248,100.0,Exact
Dhenkanal,Odisha,845,76.22,25.36,1047.39,96.28,63.44,58.2,28.78,55.16,77.05,75.79,94.81,93.22,,,73.38,33.31,61.95,1192811,1075305,167,38,10,2,1,3.533881084901493,0.9299687065530244,15.530477399435508,1.060164325470448,1.1159624478636294,100.0,Exact
Anugul,Odisha,913,73.15,24.49,1026.84,96.69,76.21,66.42,23.8,63.06,74.63,83.65,85.71,89.78,86.98,,75.52,28.06,75.29,1273821,1067275,166,32,9,3,1,2.998290037712867,0.8432690731067437,15.553629570635495,0.89948701131386,1.0119228877280926,100.0,Exact
Nayagarh,Odisha,881,76.09,23.07,1082.93,98.32,82.92,67.05,42.27,49.28,81.86,90.27,98.29,98.36,,,,20.0,55.2,962789,883051,166,38,12,1,1,4.303262212488293,1.3589249092068294,18.79846124402781,1.290978663746488,1.6307098910481954,100.0,Exact
Khordha,Odisha,827,84.41,22.18,1024.07,99.51,94.63,73.15,63.3,43.15,85.7,91.02,97.78,97.37,,,,17.07,56.11,2251673,1167357,202,75,16,0,2,6.424769800498049,1.3706175574395836,17.304046662674743,1.9274309401494143,1.6447410689275002,100.0,Exact
Puri,Odisha,870,83.33,21.59,1045.07,99.5,98.52,67.33,34.42,61.45,87.67,94.92,97.67,94.94,,,,13.78,51.04,1698730,1433800,241,52,17,0,1,3.6267261821732455,1.185660482633561,16.808480959687543,1.0880178546519736,1.4227925791602734,100.0,Exact
Ganjam,Odisha,849,68.59,24.61,1165.14,99.28,89.6,72.89,63.73,51.88,71.86,82.72,93.01,92.38,88.46,,,23.94,61.28,3529031,2761030,460,101,28,4,1,3.6580551460867854,1.0141142979250497,16.660449180197247,1.097416543826036,1.2169371575100596,100.0,Exact
Gajapati,Odisha,855,55.47,28.21,1087.03,94.14,78.05,58.26,28.93,39.62,50.52,83.04,76.37,80.35,92.58,,,43.35,64.39,577817,507151,136,22,8,0,1,4.337958517285779,1.5774394608311924,26.81647083413027,1.3013875551857337,1.8929273529974309,100.0,Exact
Balangir,Odisha,909,69.26,23.9,1056.44,97.83,92.88,66.27,32.57,43.98,69.8,95.41,97.88,98.18,,,,32.68,74.94,1648997,1451616,226,48,15,2,1,3.3066596124594936,1.0333311288935916,15.568855675330116,0.991997883737848,1.23999735467231,100.0,Exact
Nuapada,Odisha,881,60.88,27.22,1060.12,94.58,97.49,58.37,23.23,45.3,57.19,71.65,89.8,92.7,97.0,,,43.07,73.48,610382,576328,95,17,5,1,1,2.9497091933759942,0.8675615274635278,16.483669021807028,0.8849127580127982,1.0410738329562332,100.0,Exact
Kalahandi,Odisha,919,62.51,25.78,1051.18,97.19,96.53,64.42,28.89,48.62,63.75,82.85,92.75,92.18,,,,32.96,68.77,1576869,1454882,242,46,18,1,1,3.161768445825847,1.2372137396709837,16.633651388909893,0.9485305337477542,1.4846564876051804,100.0,Exact
Rayagada,Odisha,880,50.81,30.88,1109.52,96.56,91.26,50.45,30.17,45.45,45.07,85.26,68.9,72.05,92.73,,,43.55,70.49,967911,820945,235,41,11,1,1,4.994244437812521,1.3399192394131154,28.62554738746201,1.4982733313437562,1.6079030872957385,100.0,Exact
Nabarangapur,Odisha,916,52.85,31.8,1059.79,97.35,99.08,44.13,19.02,48.41,40.95,87.67,87.56,87.53,94.84,,,44.11,70.75,1220946,1133321,289,42,10,1,1,3.705922682099776,0.8823625433570895,25.500277503019888,1.1117768046299328,1.0588350520285077,95.65217391304348,Fuzzy
Koraput,Odisha,885,50.63,29.67,1079.42,96.18,89.45,39.42,31.53,54.58,41.68,79.19,82.07,86.26,97.95,,,43.08,69.67,1379647,1153478,307,51,16,0,1,4.4214107247819205,1.3871092469904065,26.615158676628425,1.326423217434576,1.6645310963884876,100.0,Exact
Malkangiri,Odisha,916,48.86,34.06,1136.77,95.77,94.71,41.44,20.86,47.0,41.29,82.77,90.66,93.82,94.81,,,44.33,78.68,613192,563664,158,27,6,2,1,4.790087711828323,1.0644639359618495,28.03088364699537,1.437026313548497,1.2773567231542196,100.0,Exact
Yanam,Puducherry,919,80.92,21.83,1088.55,99.84,100.0,84.06,98.55,29.18,83.32,79.84,100.0,98.99,,,,24.96,39.66,55626,0,4,0,0,0,1,,,,,,100.0,Exact
Mahe,Puducherry,893,99.16,16.8,1163.58,99.71,97.97,99.77,90.88,23.64,99.69,85.0,100.0,100.0,,,,48.18,36.87,41816,0,4,1,1,0,1,,,,,,100.0,Exact
Karaikal,Puducherry,863,86.26,21.91,1132.03,99.56,99.88,84.29,81.19,26.85,89.63,88.34,99.55,99.55,,,,25.49,65.45,200222,102120,17,11,1,0,1,10.771641206423816,0.9792401096748922,16.64708186447317,3.2314923619271445,1.1750881316098707,100.0,Exact
Kapurthala,Punjab,853,79.15,21.82,998.33,99.77,99.41,87.66,84.18,20.68,85.3,51.37,95.03,93.46,65.65,,,24.59,68.66,815168,532706,88,14,5,3,1,2.628091292382665,0.938604032993809,16.519430980691038,0.7884273877147995,1.126324839592571,100.0,Exact
Jalandhar,Punjab,867,82.1,21.66,997.12,99.55,99.94,88.24,82.34,25.89,88.1,72.83,92.34,93.33,,,,24.81,69.23,2193590,1032419,198,37,14,2,1,3.5838162606461137,1.3560385851093404,19.178259989403525,1.075144878193834,1.6272463021312082,100.0,Exact
Hoshiarpur,Punjab,883,88.95,19.88,998.93,99.9,99.92,89.7,77.25,27.67,92.75,59.67,98.34,98.34,,,,19.29,69.59,1586625,1251656,244,33,12,3,1,2.636507155320631,0.9587298746620478,19.494174118128303,0.7909521465961894,1.1504758495944574,100.0,Exact
Fatehgarh Sahib,Punjab,841,80.12,21.07,898.95,99.55,99.71,87.6,74.34,35.08,87.23,75.97,96.59,98.47,83.55,,,29.98,61.54,600163,414681,73,15,5,1,1,3.617238310894398,1.205746103631466,17.603893113019407,1.0851714932683196,1.4468953243577594,100.0,Exact
Ludhiana,Punjab,799,81.43,21.34,918.48,99.69,99.87,84.61,83.21,25.24,85.28,65.19,90.12,92.35,,,,22.06,77.92,3498739,1429031,265,47,16,4,1,3.288941947375529,1.1196398118725206,18.544034384138623,0.9866825842126588,1.343567774247025,100.0,Exact
Moga,Punjab,869,71.98,22.75,905.7,99.87,99.21,87.76,71.49,23.65,76.0,58.43,93.04,95.31,,,73.12,22.02,70.28,995746,768500,122,23,6,0,1,2.992843201040989,0.7807417046193884,15.8750813272609,0.8978529603122967,0.936890045543266,100.0,Exact
Faridkot,Punjab,856,71.68,23.35,924.02,99.02,92.54,87.51,79.07,20.42,75.3,53.44,94.29,97.72,70.83,,51.07,28.13,76.1,617508,400457,62,11,3,1,1,2.7468617104957587,0.7491441028624796,15.482311459157913,0.8240585131487276,0.8989729234349756,100.0,Exact
Bathinda,Punjab,824,68.67,21.53,860.94,100.0,99.1,88.39,78.11,20.12,72.47,48.23,93.12,93.2,,,49.93,22.99,69.57,1388525,889308,136,24,9,3,1,2.6987275499601937,1.0120228312350723,15.292789449774432,0.8096182649880581,1.2144273974820872,100.0,Exact
Mansa,Punjab,888,63.64,23.01,923.75,99.54,99.28,85.41,52.28,18.42,69.39,49.42,88.77,93.5,79.08,,,36.62,78.24,769751,606147,103,15,4,2,1,2.4746472390360754,0.6599059304096201,16.992577708047715,0.7423941717108227,0.7918871164915442,100.0,Exact
Patiala,Punjab,841,76.94,20.16,921.57,99.74,99.1,88.06,80.38,33.77,78.6,71.95,97.25,97.32,,,,20.32,76.74,1895686,1132406,185,40,10,3,1,3.532302018887219,0.8830755047218047,16.336896837353386,1.0596906056661657,1.0596906056661657,100.0,Exact
Amritsar,Punjab,836,78.04,22.92,921.04,99.92,99.62,86.0,82.86,26.17,81.68,56.49,95.9,98.8,,,,19.38,73.55,2490656,1156045,179,44,8,2,1,3.806080213140492,0.6920145842073622,15.48382632163973,1.1418240639421475,0.8304175010488346,100.0,Exact
Tarn Taran,Punjab,877,68.59,25.83,978.01,99.65,95.6,82.01,66.21,24.96,68.61,60.25,95.97,95.42,81.79,,,23.77,70.54,1119627,977832,153,18,11,2,1,1.8408070097930933,1.1249376170957792,15.646859583241294,0.552242102937928,1.349925140514935,100.0,Exact
Rupnagar,Punjab,816,81.84,21.5,990.88,99.8,98.52,83.97,63.92,37.75,88.93,65.23,97.76,98.68,,,,15.05,65.51,684627,506820,85,14,4,2,1,2.762321928889941,0.7892348368256974,16.77124028254607,0.8286965786669824,0.9470818041908372,100.0,Exact
Sangrur,Punjab,858,73.49,21.19,936.52,99.56,99.69,92.37,69.8,18.7,79.79,47.71,94.66,97.67,,,,23.44,66.94,1655169,1139204,142,26,6,3,1,2.282295357108999,0.5266835439482305,12.464843873441456,0.6846886071326996,0.6320202527378767,100.0,Exact
Barnala,Punjab,853,72.36,21.69,882.86,99.8,99.8,90.66,73.48,20.69,78.75,63.79,96.7,95.27,68.45,,58.5,33.77,60.61,595527,404842,71,12,4,1,1,2.9641193354444453,0.9880397784814816,17.537706068046298,0.8892358006333335,1.185647734177778,100.0,Exact
Firozpur,Punjab,901,72.49,23.71,957.66,99.64,95.57,84.77,68.61,21.03,75.74,48.44,95.53,97.53,74.53,,,30.03,73.35,2029074,1476518,122,19,4,1,1,1.2868112681321866,0.2709076353962498,8.26268287958562,0.386043380439656,0.3250891624754998,94.11764705882352,Fuzzy
Gurdaspur,Punjab,855,79.01,23.74,952.27,99.05,97.56,85.42,81.26,23.47,84.39,61.09,92.4,92.66,80.02,,,25.08,70.12,2298323,1639004,222,33,13,1,1,2.013417905020366,0.7931646292504473,13.5448113610461,0.6040253715061098,0.9517975551005368,100.0,Exact
Ganganagar,Rajasthan,985,68.57,24.9,956.71,96.88,94.4,83.42,45.46,85.3,70.96,58.69,97.7,98.24,89.72,,,24.46,72.3,1969168,1433736,419,63,18,0,1,4.394114397629689,1.2554612564656256,29.224348136616506,1.3182343192889066,1.5065535077587504,100.0,Exact
Hanumangarh,Rajasthan,989,65.05,25.11,1015.43,98.98,97.83,83.79,36.2,89.0,69.72,53.12,94.94,96.92,83.26,,,24.15,80.97,1774692,1424228,360,60,17,0,1,4.212808623338398,1.1936291099458796,25.276851740030388,1.2638425870015195,1.4323549319350557,100.0,Exact
Bikaner,Rajasthan,966,64.56,30.23,967.84,96.12,94.93,79.84,51.35,87.44,64.33,50.52,89.99,92.68,75.55,,,22.8,82.44,2363937,1563553,420,71,18,0,0,4.540939769870289,1.151224167009369,26.861897230218613,1.3622819309610867,1.3814690004112429,100.0,Exact
Churu,Rajasthan,982,62.94,28.98,1036.63,96.59,98.21,80.15,40.63,81.87,66.04,45.01,87.84,89.9,74.27,,73.83,27.05,78.07,2039547,1463312,442,99,18,2,1,6.765474485277235,1.2300862700504065,30.20545174234886,2.02964234558317,1.4761035240604874,100.0,Exact
Jhunjhunun,Rajasthan,976,66.81,24.82,1062.83,99.04,98.39,78.97,55.5,86.13,76.06,49.15,97.12,98.57,88.69,,,20.89,77.24,2137045,1647966,599,115,28,1,1,6.978299309573135,1.6990641797221544,36.3478372733418,2.09348979287194,2.038877015666585,94.73684210526316,Fuzzy
Alwar,Rajasthan,935,63.96,29.36,991.31,97.83,97.61,65.99,34.9,80.75,65.64,29.97,91.27,90.79,59.37,,65.68,33.94,63.22,3674179,3019728,697,129,42,0,1,4.271907933429766,1.3908537457678307,23.081549066670902,1.2815723800289298,1.6690244949213968,100.0,Exact
Bharatpur,Rajasthan,950,62.36,31.66,969.92,98.26,93.93,62.66,24.34,84.77,63.05,33.23,92.12,90.83,64.06,70.48,77.42,40.27,75.71,2548462,2053363,396,74,26,0,0,3.603844035370268,1.266215471886851,19.28543564873819,1.0811532106110806,1.5194585662642213,100.0,Exact
Karauli,Rajasthan,979,56.48,32.09,996.37,98.67,94.75,49.94,24.23,86.35,54.82,42.02,97.56,97.55,88.91,,74.66,37.61,75.86,1458248,1240143,281,36,17,1,1,2.902891037565829,1.370809656628308,22.658677265444386,0.8708673112697488,1.64497158795397,100.0,Exact
Sawai Madhopur,Rajasthan,934,57.39,28.85,999.02,95.52,92.48,71.2,29.1,80.54,57.35,47.31,97.4,97.76,54.85,,73.32,26.93,73.29,1335551,1069084,269,41,15,1,1,3.835058797999035,1.4030702919508664,25.161727235652204,1.1505176393997103,1.6836843503410397,100.0,Exact
Dausa,Rajasthan,982,59.4,29.22,985.81,98.98,99.37,59.43,22.59,91.21,62.18,53.64,98.17,96.08,92.11,,70.95,37.66,74.4,1634409,1432616,320,48,17,0,1,3.350514024693288,1.1866403837455397,22.336760164621925,1.0051542074079864,1.4239684604946476,100.0,Exact
Jaipur,Rajasthan,957,68.14,25.63,944.24,99.53,99.92,79.58,60.05,81.53,73.75,53.5,97.33,98.01,89.26,,,25.0,71.3,6626178,3154331,628,182,41,0,1,5.769844699240505,1.2998001794992344,19.909134456719983,1.7309534097721513,1.5597602153990815,100.0,Exact
Sikar,Rajasthan,971,67.88,27.46,1061.29,99.19,99.44,77.91,58.41,82.37,73.26,50.42,95.76,94.92,69.98,,,23.13,61.45,2677333,2043427,644,115,32,3,2,5.6278007484485615,1.5659967300030782,31.515684191311948,1.688340224534569,1.8791960760036936,100.0,Exact
Nagaur,Rajasthan,985,62.85,27.6,1054.97,98.99,96.86,79.04,45.68,90.02,67.77,46.15,96.96,96.91,80.6,,,31.52,65.14,3307743,2670539,798,136,34,5,1,5.092604901107979,1.2731512252769948,29.88160816973652,1.5277814703323935,1.5277814703323935,100.0,Exact
Jodhpur,Rajasthan,978,64.77,30.27,1042.24,98.37,96.52,75.44,56.14,87.5,68.18,56.71,90.03,92.57,81.16,,,32.59,64.37,3687165,2422551,649,109,27,0,2,4.499389280143122,1.114527619851966,26.78994167718244,1.3498167840429365,1.3374331438223592,100.0,Exact
Jaisalmer,Rajasthan,979,61.7,32.93,986.52,97.3,95.18,75.74,30.86,93.66,63.53,47.59,90.01,93.57,72.02,,71.33,25.5,58.64,669919,580894,155,25,11,0,1,4.303711176221479,1.8936329175374509,26.68300929257317,1.2911133528664438,2.272359501044941,100.0,Exact
Barmer,Rajasthan,973,67.03,31.4,985.65,95.49,99.9,83.62,26.79,97.79,67.64,64.93,93.31,94.32,92.85,94.9,,39.06,67.09,2603751,2421914,729,106,26,1,1,4.376703714500184,1.073531099783064,30.100160451609764,1.3130111143500554,1.2882373197396768,100.0,Exact
Jalor,Rajasthan,927,59.5,31.05,982.4,98.35,98.28,77.38,36.53,96.61,62.62,71.22,95.52,94.77,77.97,,,44.27,66.26,1828730,1676975,408,71,12,0,1,4.233813861268057,0.7155741737354463,24.329521907005173,1.2701441583804172,0.8586890084825355,90.9090909090909,Fuzzy
Sirohi,Rajasthan,951,59.39,29.53,1060.25,93.93,93.55,54.12,45.96,91.96,62.22,69.52,95.71,95.91,86.36,,,30.66,75.77,1036346,827692,223,30,10,0,1,3.624536663396529,1.208178887798843,26.9423891979142,1.0873609990189588,1.4498146653586117,100.0,Exact
Pali,Rajasthan,929,67.1,27.31,1084.73,99.69,96.17,81.81,53.14,96.21,76.33,45.02,98.81,98.51,90.15,,,35.86,72.62,2037573,1577567,475,86,26,1,1,5.451432490664422,1.648107497177616,30.10965619843721,1.6354297471993269,1.977728996613139,100.0,Exact
Ajmer,Rajasthan,894,67.31,26.73,992.98,99.93,98.09,77.45,52.86,88.73,70.17,52.81,95.11,97.86,78.93,,,22.31,76.25,2583052,1547642,369,84,25,2,2,5.4276118120340495,1.6153606583434672,23.842723317149574,1.6282835436102148,1.9384327900121603,100.0,Exact
Tonk,Rajasthan,966,54.76,25.9,987.14,97.78,90.89,66.17,24.08,84.52,56.36,66.17,97.37,97.93,75.34,,72.84,33.1,64.63,1421326,1103603,294,63,12,0,1,5.708574550812203,1.0873475334880387,26.640014570456948,1.712572365243661,1.3048170401856465,100.0,Exact
Bundi,Rajasthan,984,57.9,28.38,1002.0,98.41,95.65,56.29,26.45,87.66,57.88,73.99,95.25,95.08,75.72,,52.94,29.99,74.89,1110906,888205,205,33,14,0,1,3.715358503948976,1.57621269864502,23.08025737301637,1.114607551184693,1.891455238374024,100.0,Exact
Bhilwara,Rajasthan,952,57.07,29.15,1068.86,99.25,93.08,62.25,26.5,89.05,58.06,64.66,95.01,96.04,83.23,,,22.57,62.71,2408523,1895869,523,84,27,0,0,4.4306858754481455,1.4241490313940468,27.586294200706902,1.3292057626344436,1.708978837672856,100.0,Exact
Rajsamand,Rajasthan,919,64.24,27.64,1064.71,98.86,94.81,72.05,37.09,93.22,69.74,60.68,95.1,95.66,71.67,,,30.29,84.26,1156597,972777,262,44,16,1,1,4.523133256645664,1.6447757296893326,26.933202573662825,1.3569399769936996,1.9737308756271996,100.0,Exact
Dungarpur,Rajasthan,972,64.61,28.82,1028.55,99.42,94.12,59.9,27.26,97.53,68.19,50.62,94.11,95.47,83.27,,,31.37,79.77,1388552,1299809,346,60,16,1,1,4.616062821537626,1.230950085743367,26.61929560420031,1.3848188464612878,1.4771401028920403,100.0,Exact
Banswara,Rajasthan,976,55.92,31.67,1056.23,93.11,95.59,40.8,21.13,84.23,54.82,69.88,97.7,97.48,82.99,,,44.62,82.12,1797485,1669864,455,58,22,0,1,3.473336750777309,1.3174725606396689,27.247727958684063,1.0420010252331926,1.5809670727676026,100.0,Exact
Kota,Rajasthan,979,74.67,23.92,980.88,99.43,99.57,79.03,72.3,80.88,77.94,81.34,97.87,98.97,84.37,,62.14,29.52,66.71,1951014,774410,190,61,16,0,0,7.876964398703529,2.066089022610762,24.5348071435028,2.363089319611059,2.479306827132914,100.0,Exact
Baran,Rajasthan,985,61.7,28.43,1019.13,98.31,96.1,58.98,39.59,89.48,59.74,79.31,97.28,97.83,89.25,,67.86,45.95,65.12,1222755,968541,268,52,14,0,1,5.368900232411431,1.4454731394953857,27.670485813197374,1.6106700697234293,1.7345677673944624,100.0,Exact
Jhalawar,Rajasthan,977,55.63,25.65,976.84,99.29,92.42,62.08,33.84,93.63,56.26,72.32,98.31,98.52,81.45,,,34.01,73.13,1411129,1181838,323,45,14,0,0,3.807628456692034,1.1845955198597438,27.330310922478372,1.1422885370076103,1.4215146238316927,100.0,Exact
Udaipur,Rajasthan,961,63.75,27.55,997.53,98.05,92.66,60.28,34.29,94.3,64.22,62.32,96.05,97.4,86.79,,,34.03,76.91,3068420,2459994,621,110,33,1,0,4.471555621680379,1.3414666865041134,25.243964009668318,1.3414666865041136,1.6097600238049363,100.0,Exact
Pratapgarh,Rajasthan,978,56.97,30.73,1038.19,96.97,88.64,46.28,23.01,84.47,55.36,52.93,96.35,97.09,75.82,,,29.02,65.81,867848,796041,204,34,8,0,1,4.271136788180508,1.0049733619248251,25.626820729083047,1.2813410364541524,1.2059680343097905,100.0,Exact
North  District,Sikkim,882,78.52,21.0,997.22,98.87,94.68,83.82,65.92,24.47,81.35,59.36,97.33,98.5,,,,31.75,53.47,43709,39065,19,5,0,0,1,12.799180852425446,0.0,48.63688723921669,3.8397542557276334,0.0,100.0,Exact
West District,Sikkim,906,81.76,19.21,959.08,98.83,89.87,88.93,69.8,19.87,85.73,70.36,99.33,99.33,,,,25.18,67.05,136435,131187,41,7,0,0,1,5.335894562723441,0.0,31.253096724523008,1.6007683688170324,0.0,100.0,Exact
South District,Sikkim,880,80.21,19.93,973.22,99.56,93.3,91.71,66.54,20.77,90.46,84.49,97.41,99.38,,,,24.81,56.46,146850,125651,39,6,1,0,1,4.775131117141925,0.7958551861903208,31.038352261422517,1.4325393351425773,0.955026223428385,100.0,Exact
East District,Sikkim,848,86.41,19.31,1008.44,99.38,93.58,85.01,87.59,29.88,90.14,43.82,91.83,94.17,,,,17.75,49.78,283583,161096,54,8,1,1,1,4.965983016338084,0.6207478770422605,33.52038536028206,1.4897949049014252,0.7448974524507126,100.0,Exact
Thiruvallur,Tamil Nadu,806,83.49,21.62,979.44,99.82,99.95,75.58,93.42,57.37,85.9,85.35,100.0,100.0,,,,18.07,58.44,3728104,1299709,303,54,14,11,0,4.154776184515149,1.077164195985409,23.31291081311278,1.2464328553545447,1.292597035182491,95.23809523809524,Fuzzy
Chennai,Tamil Nadu,743,92.71,18.01,1037.32,99.89,98.72,90.43,97.71,58.23,96.1,89.86,100.0,100.0,,,,20.35,55.25,4646732,0,0,144,15,5,0,,,,,,100.0,Exact
Kancheepuram,Tamil Nadu,816,84.97,19.19,1001.69,99.42,99.42,75.86,88.06,59.7,84.45,76.07,100.0,100.0,,,,20.58,68.81,3998252,1459916,143,23,5,3,1,1.575433107110272,0.3424854580674504,9.795084100729085,0.4726299321330816,0.4109825496809405,100.0,Exact
Vellore,Tamil Nadu,880,79.96,22.41,1070.35,99.3,97.68,76.2,85.3,71.36,84.72,95.4,99.53,100.0,92.72,,,29.8,60.91,3936331,2234344,178,39,7,4,0,1.7454787624466064,0.3132910599263139,7.966544095269126,0.5236436287339818,0.3759492719115767,100.0,Exact
Tiruvannamalai,Tamil Nadu,874,75.54,20.94,1108.56,99.04,98.53,61.69,70.74,69.6,81.66,97.65,99.05,99.05,,,,30.63,64.66,2464875,1969930,410,81,18,9,1,4.111821232226526,0.9137380516058948,20.81292228657871,1.2335463696679578,1.0964856619270735,100.0,Exact
Viluppuram,Tamil Nadu,859,73.64,24.77,1119.57,99.73,98.37,53.83,68.64,77.56,77.83,94.88,99.11,100.0,,,,23.88,73.41,3458873,2939785,345,52,13,7,0,1.7688368367074463,0.4422092091768616,11.735552089693634,0.5306510510122339,0.5306510510122339,90.0,Fuzzy
Salem,Tamil Nadu,882,74.41,20.09,1057.14,99.52,97.64,64.51,84.48,67.49,83.16,85.04,100.0,100.0,,,,23.62,51.33,3482056,1707934,398,87,20,11,1,5.093873650855361,1.171005436978244,23.30300819586705,1.5281620952566082,1.4052065243738927,100.0,Exact
Namakkal,Tamil Nadu,888,73.48,17.3,1142.4,99.24,99.45,75.23,89.66,68.76,88.93,97.83,100.0,100.0,,,,25.21,67.92,1726601,1030476,240,48,15,8,0,4.658041526440208,1.455637977012565,23.29020763220104,1.3974124579320624,1.746765572415078,100.0,Exact
Erode,Tamil Nadu,877,73.09,18.18,1112.41,99.6,98.9,67.64,95.9,77.67,83.05,93.93,100.0,100.0,,,,19.39,46.46,2251744,1093768,311,62,14,7,1,5.668478141616869,1.2799789352038091,28.43381777488462,1.7005434424850607,1.535974722244571,100.0,Exact
The Nilgiris,Tamil Nadu,904,85.21,19.72,1092.59,98.61,96.43,83.58,81.47,74.54,90.62,92.46,100.0,100.0,,,,26.66,45.85,735394,299739,194,33,4,5,0,11.00957833314984,1.334494343412102,64.72297565548693,3.302873499944952,1.601393212094522,100.0,Exact
Dindigul,Tamil Nadu,924,77.83,24.37,1065.81,98.79,99.47,61.04,76.3,71.92,81.01,96.21,96.99,98.59,92.56,,,27.09,50.21,2159775,1351735,311,59,14,12,0,4.364760844396276,1.0357059630770824,23.00746817978376,1.3094282533188828,1.242847155692499,100.0,Exact
Karur,Tamil Nadu,862,73.21,19.12,1154.12,98.69,99.36,63.56,72.46,74.6,80.47,95.7,100.0,99.22,,,,33.61,73.15,1064493,629976,168,29,8,6,1,4.603349968887704,1.2698896465897114,26.66768257838394,1.381004990666311,1.5238675759076536,100.0,Exact
Tiruchirappalli,Tamil Nadu,851,80.72,21.48,1122.99,98.98,98.08,67.12,71.15,67.75,84.79,90.51,98.6,99.04,,,,27.55,82.34,2722290,1384257,307,70,14,9,1,5.05686444063494,1.011372888126988,22.17796261821324,1.517059332190482,1.2136474657523857,96.55172413793105,Fuzzy
Perambalur,Tamil Nadu,860,73.1,22.57,1209.51,99.07,100.0,57.38,75.13,75.53,82.98,92.19,100.0,100.0,,,,29.12,69.23,565223,468060,90,25,4,3,1,5.341195573217109,0.8545912917147374,19.22830406358159,1.6023586719651326,1.025509550057685,100.0,Exact
Ariyalur,Tamil Nadu,864,73.47,22.39,1143.08,98.22,93.19,54.64,46.69,71.13,77.44,91.43,100.0,100.0,,,,25.33,61.99,754894,671100,117,33,6,3,0,4.917299955297273,0.8940545373267769,17.434063477872147,1.4751899865891818,1.0728654447921322,100.0,Exact
Cuddalore,Tamil Nadu,876,76.76,22.92,1061.53,99.16,99.49,61.32,75.61,64.4,80.46,82.22,99.17,99.12,,,,20.22,64.79,2605914,1720725,319,58,13,9,1,3.370672245710384,0.755495503348879,18.53869735140711,1.011201673713115,0.9065946040186548,100.0,Exact
Nagapattinam,Tamil Nadu,862,79.15,20.82,1148.26,98.97,100.0,69.57,59.03,70.85,89.25,93.13,99.65,100.0,,,,32.28,60.91,1616450,1251826,111,21,6,6,0,1.6775494357842065,0.4792998387954875,8.867047017716521,0.503264830735262,0.5751598065545851,100.0,Exact
Thiruvarur,Tamil Nadu,864,84.85,19.62,1130.88,98.6,100.0,71.02,58.94,75.24,91.21,92.33,100.0,100.0,,,,19.75,45.04,1264277,1006482,195,40,10,7,1,3.97423898291276,0.99355974572819,19.374415041699702,1.192271694873828,1.192271694873828,94.73684210526316,Fuzzy
Thanjavur,Tamil Nadu,826,80.59,19.58,1111.66,98.84,99.67,79.62,69.42,70.63,86.37,93.66,100.0,100.0,,,,19.55,64.84,2405890,1554531,309,63,14,13,1,4.052669261661555,0.9005931692581236,19.877377807197156,1.2158007784984668,1.0807118031097482,100.0,Exact
Pudukkottai,Tamil Nadu,895,74.71,23.72,1095.16,98.85,95.71,55.21,42.01,72.91,83.71,91.64,100.0,100.0,83.32,,,32.2,71.05,1618345,1301991,242,63,13,12,1,4.838743124952477,0.9984708035616222,18.58691803553174,1.451622937485743,1.1981649642739465,95.23809523809524,Fuzzy
Sivaganga,Tamil Nadu,922,78.77,21.76,1223.33,99.42,96.47,74.39,75.15,67.72,88.03,90.89,100.0,100.0,,,,27.62,56.37,1339101,926256,275,40,12,16,1,4.3184605551812885,1.2955381665543868,29.689416316871363,1.2955381665543868,1.554645799865264,100.0,Exact
Madurai,Tamil Nadu,914,83.93,19.92,1079.13,98.91,98.71,80.05,91.18,66.29,87.3,89.47,100.0,100.0,,,,32.39,54.32,3038252,1191451,314,75,13,6,1,6.294845528687289,1.0911065583057968,26.354419946770783,1.888453658606187,1.3093278699669564,100.0,Exact
Theni,Tamil Nadu,920,80.88,23.77,1168.4,99.4,99.88,74.43,89.94,67.35,86.94,98.65,100.0,100.0,95.18,,,20.22,46.78,1245899,575418,162,33,8,5,1,5.734961367214789,1.3902936647793431,28.153446711781697,1.720488410164437,1.6683523977352115,100.0,Exact
Virudhunagar,Tamil Nadu,914,80.47,21.36,1109.45,99.52,97.41,59.78,90.51,51.27,85.25,83.4,97.77,100.0,,,,29.22,58.9,1942288,962062,245,47,11,10,0,4.885340030060433,1.1433774538439312,25.466134199251197,1.46560200901813,1.3720529446127172,100.0,Exact
Ramanathapuram,Tamil Nadu,899,80.29,24.41,1146.99,99.3,93.89,78.62,82.73,69.74,86.06,88.22,99.63,99.3,90.35,,,26.43,57.19,1353445,942746,244,48,11,9,0,5.09150927185053,1.1668042081324133,25.88183879857353,1.527452781555159,1.4001650497588958,100.0,Exact
Thoothukkudi,Tamil Nadu,848,86.64,20.89,1110.83,100.0,96.97,79.42,90.67,57.78,90.28,80.66,100.0,100.0,,,,20.34,55.62,1750176,873374,253,48,12,8,1,5.495927288881968,1.373981822220492,28.968116751815373,1.6487781866645903,1.6487781866645903,95.65217391304348,Fuzzy
Tirunelveli,Tamil Nadu,873,84.42,22.05,1109.06,99.51,98.08,79.78,87.86,61.27,87.34,84.97,100.0,100.0,,,,29.39,49.87,3077233,1557004,202,43,9,8,0,2.761714163868558,0.5780331970887679,12.97363397910346,0.8285142491605673,0.6936398365065215,100.0,Exact
Kanniyakumari,Tamil Nadu,839,92.89,20.79,1121.33,99.84,98.19,96.18,74.38,64.1,97.99,84.21,100.0,100.0,,,,17.31,39.09,1870374,330572,267,38,9,8,1,11.495226455961182,2.722553634306596,80.76909115109568,3.4485679367883546,3.2670643611679147,91.66666666666666,Fuzzy
Dharmapuri,Tamil Nadu,911,72.55,23.78,1191.83,99.41,98.72,72.35,82.47,75.45,80.58,94.49,99.59,99.59,90.6,,,28.71,54.15,1506843,1245931,218,43,8,3,1,3.451234458409013,0.6420901317970257,17.49695609146895,1.035370337522704,0.7705081581564308,100.0,Exact
Krishnagiri,Tamil Nadu,922,72.57,24.21,1053.05,99.16,99.77,75.94,86.0,73.58,79.86,93.12,99.6,100.0,87.29,,,29.03,46.51,1879809,1451446,239,51,10,6,0,3.513737335043812,0.6889681049105513,16.466337707362175,1.0541212005131435,0.8267617258926616,100.0,Exact
Coimbatore,Tamil Nadu,877,84.15,19.25,1061.15,99.42,99.9,78.45,95.45,60.99,90.57,89.99,100.0,100.0,,,,23.0,37.84,3458045,839105,328,77,12,12,1,9.176443949207789,1.4300951609154993,39.08926773169031,2.752933184762336,1.716114193098599,100.0,Exact
Tiruppur,Tamil Nadu,877,75.81,17.79,1114.27,99.45,99.79,75.88,95.4,59.86,87.49,93.54,100.0,100.0,,,,21.46,44.75,2479052,957941,242,54,13,9,0,5.6370903844808815,1.3570773147824344,25.2625161674884,1.6911271153442644,1.628492777738921,93.33333333333331,Fuzzy
Dhalai,Tripura,920,74.84,27.16,1034.03,97.73,70.3,67.56,33.95,44.2,71.63,52.02,87.26,87.71,73.72,,,45.74,81.2,378230,337731,121,16,2,3,1,4.737498186426476,0.5921872733033094,35.82733003485022,1.4212494559279427,0.7106247279639714,100.0,Exact
North Tripura,Tripura,909,86.36,26.2,1040.17,96.21,75.58,74.13,41.6,28.65,83.12,67.1,85.36,86.66,69.59,,,26.24,52.49,693947,573662,99,16,4,1,1,2.7890988073116225,0.6972747018279056,17.257548870240665,0.8367296421934868,0.8367296421934868,100.0,Exact
South Tripura,Tripura,888,80.43,24.51,1053.88,95.88,90.51,68.61,29.44,37.28,80.25,58.42,89.72,88.56,,,63.56,25.53,59.64,876001,752970,148,18,5,2,1,2.390533487389936,0.6640370798305377,19.65549756298392,0.7171600462169807,0.7968444957966453,100.0,Exact
West Tripura,Tripura,903,85.31,20.15,936.77,99.82,98.49,80.21,65.16,28.12,86.19,61.22,95.27,96.9,,,,30.3,54.5,1725739,1048101,171,20,3,0,1,1.9082130443535497,0.2862319566530324,16.315221529222853,0.5724639133060649,0.3434783479836389,100.0,Exact
Saharanpur,Uttar Pradesh,966,69.29,28.51,984.27,98.32,99.73,83.8,56.58,11.79,73.79,52.44,81.65,86.94,89.16,,,28.82,68.13,3466382,2399856,363,62,21,0,2,2.5834883426338915,0.8750525031501891,15.125907554453269,0.7750465027901674,1.0500630037802268,100.0,Exact
Bijnor,Uttar Pradesh,949,69.64,30.74,1059.01,96.14,99.71,78.21,45.8,18.82,74.11,48.8,83.69,89.37,90.56,,,36.16,60.91,3682713,2757401,343,62,11,0,2,2.248494143579407,0.3989263803124753,12.43924985883446,0.6745482430738221,0.4787116563749705,100.0,Exact
Rampur,Uttar Pradesh,876,57.56,31.08,1021.86,96.21,100.0,79.01,46.18,13.07,59.33,50.36,81.01,81.05,79.39,,,40.35,69.59,2335819,1747172,211,35,5,0,2,2.0032372313658877,0.2861767473379839,12.07665873766292,0.6009711694097661,0.3434120968055806,100.0,Exact
Meerut,Uttar Pradesh,918,73.99,30.32,967.07,98.62,99.72,82.65,68.47,18.38,80.17,49.87,80.61,88.81,82.49,,,32.1,55.21,3443689,1684507,279,57,12,0,2,3.383779349091455,0.7123745998087274,16.562709445552912,1.0151338047274363,0.854849519770473,100.0,Exact
Baghpat,Uttar Pradesh,930,71.62,29.78,937.66,98.54,99.85,87.01,51.47,12.45,78.13,42.36,80.86,82.34,83.87,,,25.49,60.17,1303048,1028023,206,25,7,0,1,2.431852205641313,0.6809186175795677,20.038462174484422,0.7295556616923939,0.8171023410954813,100.0,Exact
Gautam Buddha Nagar,Uttar Pradesh,713,78.04,28.52,896.91,99.41,99.89,74.01,75.04,23.76,80.6,52.74,86.58,90.12,68.22,,,25.48,62.85,1648115,673806,128,37,5,0,2,5.491194794940977,0.7420533506676996,18.99656577709311,1.647358438482293,0.8904640208012395,100.0,Exact
Bulandshahr,Uttar Pradesh,924,67.74,31.31,978.71,96.25,100.0,81.45,48.4,20.53,72.11,47.61,83.5,86.68,67.29,,,37.64,64.09,3499171,2631742,346,68,13,0,4,2.583839905279469,0.493969393656369,13.147185400392592,0.7751519715838406,0.5927632723876428,100.0,Exact
Aligarh,Uttar Pradesh,883,67.95,32.1,1030.99,95.31,100.0,69.39,51.42,17.61,68.71,44.68,82.58,85.53,70.06,,,35.04,62.55,3673889,2456698,333,53,13,0,4,2.157367328015084,0.5291655710225677,13.554779626962697,0.6472101984045251,0.6349986852270812,100.0,Exact
Mathura,Uttar Pradesh,935,68.39,32.68,934.52,98.18,98.44,71.22,47.34,10.77,67.93,39.3,79.48,81.51,73.59,,62.56,31.58,77.16,2547184,1791191,206,34,12,0,3,1.8981783628881568,0.6699453045487611,11.500727728087066,0.569453508866447,0.8039343654585134,100.0,Exact
Agra,Uttar Pradesh,944,69.4,30.47,951.72,99.06,99.77,70.78,67.51,9.4,64.97,42.65,89.08,90.1,74.06,,80.68,35.85,72.97,4418797,2394602,395,73,18,0,2,3.048523303663824,0.7516906776157374,16.49543431434535,0.9145569910991472,0.9020288131388848,100.0,Exact
Firozabad,Uttar Pradesh,951,72.45,31.89,950.31,96.3,99.42,69.01,53.5,13.4,74.35,39.25,80.07,83.34,67.14,,72.49,46.91,73.91,2498156,1664987,217,71,5,0,3,4.264297559080041,0.3003026450056367,13.033134793244631,1.2792892677240122,0.360363174006764,100.0,Exact
Mainpuri,Uttar Pradesh,976,74.56,30.86,1015.93,95.15,99.59,63.1,39.79,16.13,78.35,38.13,82.65,84.65,74.98,,49.03,44.26,70.4,1868529,1580087,206,46,10,0,2,2.9112321030424275,0.6328765441396581,13.037256809276958,0.8733696309127282,0.7594518529675898,100.0,Exact
Bareilly,Uttar Pradesh,874,55.75,31.28,964.87,92.45,100.0,79.71,54.56,18.67,54.71,43.05,75.05,77.79,70.45,,,45.87,67.72,4448359,2879950,410,71,16,0,2,2.4653205784822654,0.5555652007847358,14.236358270108855,0.7395961735446795,0.666678240941683,100.0,Exact
Pilibhit,Uttar Pradesh,898,60.14,29.59,921.6,86.83,100.0,76.81,48.05,21.4,59.31,43.58,76.19,80.23,92.27,,,38.86,57.26,2031007,1679592,199,28,9,0,2,1.6670715268946266,0.5358444193589872,11.848115494715383,0.500121458068388,0.6430133032307845,100.0,Exact
Shahjahanpur,Uttar Pradesh,980,63.16,34.4,976.88,84.05,100.0,69.21,40.4,14.24,59.47,35.32,63.25,68.32,76.5,,65.82,44.48,75.41,3006538,2412446,298,47,17,0,2,1.9482301365502064,0.7046789855607131,12.35260809982897,0.584469040965062,0.8456147826728556,100.0,Exact
Kheri,Uttar Pradesh,971,66.32,32.44,998.04,84.15,99.92,65.61,35.91,22.01,61.99,47.98,82.77,81.24,69.49,,,47.59,66.25,4021243,3560208,386,62,15,0,2,1.741471284823808,0.4213236979412439,10.842063160354677,0.5224413854471425,0.5055884375294927,100.0,Exact
Sitapur,Uttar Pradesh,960,64.96,33.61,969.63,68.35,99.7,52.51,31.48,23.22,59.16,35.39,84.81,87.8,65.94,,53.86,47.8,66.4,4483992,3953208,474,67,21,0,2,1.6948260754303843,0.5312141430453444,11.990262085880632,0.5084478226291155,0.6374569716544134,100.0,Exact
Hardoi,Uttar Pradesh,983,64.55,32.38,975.14,70.98,99.9,55.72,28.97,16.03,59.3,39.68,73.93,79.06,63.27,,46.88,44.54,76.11,4092845,3551039,433,50,20,0,2,1.4080386050392577,0.563215442015703,12.19361431963997,0.4224115815117772,0.6758585304188437,100.0,Exact
Unnao,Uttar Pradesh,984,68.99,28.14,992.73,75.36,98.48,60.29,43.44,15.33,68.18,19.76,80.84,81.2,58.57,,,39.17,75.98,3108367,2576721,361,48,17,0,2,1.86283264660784,0.6597532290069433,14.010053863029796,0.558849793982352,0.791703874808332,100.0,Exact
Lucknow,Uttar Pradesh,832,80.75,23.47,949.66,96.82,99.75,80.43,78.26,15.76,79.8,53.08,91.32,87.86,68.89,,,32.09,52.93,4589838,1550842,303,79,19,0,9,5.094006997489106,1.225140923446747,19.53777367391391,1.5282020992467318,1.4701691081360964,100.0,Exact
Farrukhabad,Uttar Pradesh,969,67.07,32.66,972.25,91.81,99.65,72.63,45.5,13.48,65.09,41.5,69.29,74.66,68.54,,67.46,47.81,77.07,1885204,1469019,214,31,8,0,3,2.110251807498745,0.5445811116125796,14.567544735636504,0.6330755422496237,0.6534973339350955,100.0,Exact
Kannauj,Uttar Pradesh,989,71.26,32.72,1002.89,87.3,99.85,70.1,35.47,15.32,68.25,46.44,76.41,81.5,55.84,,58.21,42.99,79.6,1656616,1375775,189,35,11,0,2,2.54402064291036,0.7995493449146844,13.73771147171594,0.7632061928731079,0.9594592138976212,100.0,Exact
Etawah,Uttar Pradesh,978,74.61,29.41,967.74,95.66,99.49,78.05,48.63,17.94,79.66,43.71,85.21,88.0,77.67,,68.75,38.77,73.95,1581810,1215511,167,34,8,0,3,2.7971774833794183,0.6581594078539807,13.73907763895185,0.8391532450138255,0.7897912894247769,100.0,Exact
Auraiya,Uttar Pradesh,977,75.88,29.26,1020.97,94.01,99.49,74.3,33.69,18.44,79.26,50.37,90.11,90.92,82.51,,,39.74,64.22,1379545,1145323,165,25,8,0,2,2.1827903569560725,0.6984929142259433,14.406416355910078,0.6548371070868217,0.8381914970711319,100.0,Exact
Kanpur Dehat,Uttar Pradesh,979,73.9,27.85,974.11,79.75,99.4,70.59,39.26,17.92,75.56,54.4,84.3,83.82,56.32,,,44.09,69.17,1796184,1622761,240,30,8,0,2,1.848701071815258,0.4929869524840687,14.789608574522063,0.5546103215445775,0.5915843429808826,100.0,Exact
Kanpur Nagar,Uttar Pradesh,980,80.41,24.47,925.16,89.25,98.78,77.51,76.86,16.12,82.7,69.85,86.61,86.96,72.79,,,34.6,76.25,4581268,1565623,391,92,10,0,5,5.876255011583249,0.6387233708242661,24.974083799228804,1.7628765034749745,0.7664680449891194,100.0,Exact
Jalaun,Uttar Pradesh,978,71.92,26.01,937.19,96.85,98.95,80.17,36.45,17.6,70.98,62.84,85.13,85.58,66.23,,,45.1,55.19,1689974,1271074,287,41,7,0,2,3.2256186500549924,0.5507153792776817,22.57933055038495,0.967685595016498,0.6608584551332181,100.0,Exact
Jhansi,Uttar Pradesh,984,71.05,24.73,946.43,95.16,96.83,73.18,51.91,11.37,72.45,36.6,92.89,93.35,44.5,,,40.93,70.3,1998603,1165119,338,45,12,0,2,3.86226642943768,1.0299377145167146,29.009912292220797,1.158679928831304,1.2359252574200577,100.0,Exact
Lalitpur,Uttar Pradesh,982,66.79,31.7,997.02,94.05,96.55,64.19,20.32,11.74,61.33,45.7,90.79,84.5,70.77,,,46.61,56.01,1221592,1046214,197,26,5,0,2,2.485151221451825,0.4779136964330433,18.829799639461907,0.7455453664355476,0.5734964357196519,100.0,Exact
Hamirpur,Uttar Pradesh,980,70.77,28.22,1003.02,94.61,99.4,77.7,29.0,21.91,73.23,43.24,96.28,96.23,77.13,,60.06,48.02,68.45,1104285,894437,214,41,4,0,2,4.583889083300445,0.4472086910537019,23.925664971373056,1.3751667249901334,0.5366504292644423,100.0,Exact
Mahoba,Uttar Pradesh,978,65.24,28.37,972.37,95.93,94.28,68.95,28.17,16.23,69.65,46.24,96.32,97.04,70.68,,,42.28,70.13,875958,690577,150,16,5,0,2,2.3169031114560723,0.7240322223300225,21.72096666990068,0.6950709334368217,0.8688386667960272,100.0,Exact
Banda,Uttar Pradesh,977,61.77,30.63,956.31,89.17,98.22,59.29,26.82,13.25,62.61,39.02,89.78,92.53,62.88,,,50.98,82.17,1799410,1523655,277,53,4,0,2,3.4784777393832598,0.262526621840246,18.17996856243704,1.043543321814978,0.3150319462082951,100.0,Exact
Chitrakoot,Uttar Pradesh,985,63.76,31.26,949.99,91.99,96.99,56.65,31.17,17.36,62.11,30.25,81.06,78.43,63.69,,,47.45,55.31,991730,895398,134,28,6,0,1,3.1271010209984835,0.6700930759282464,14.965412029064169,0.9381303062995452,0.8041116911138958,100.0,Exact
Fatehpur,Uttar Pradesh,989,63.43,29.03,1034.86,76.83,98.79,63.1,38.85,16.83,66.45,38.09,81.36,85.64,55.68,,,51.06,78.1,2632733,2310740,321,47,11,0,2,2.033980456477146,0.4760379791755023,13.891653755939656,0.6101941369431438,0.5712455750106027,100.0,Exact
Pratapgarh,Uttar Pradesh,916,67.19,29.03,1229.37,92.46,97.82,52.01,37.12,14.9,77.73,30.62,90.82,93.11,74.97,,,35.47,57.95,3209141,3033899,355,60,21,0,2,1.9776531783029032,0.6921786124060162,11.70111463829218,0.593295953490871,0.8306143348872195,100.0,Exact
Kaushambi,Uttar Pradesh,914,63.22,34.89,1068.59,78.74,98.34,59.6,37.03,20.16,61.99,34.04,88.64,92.8,65.71,,,40.2,65.54,1599596,1475140,156,34,5,0,1,2.304865978822349,0.3389508792385807,10.575267432243718,0.6914597936467046,0.4067410550862969,100.0,Exact
Bara Banki,Uttar Pradesh,967,65.09,32.61,1073.98,74.8,98.84,62.4,47.77,14.63,61.13,22.56,75.98,73.28,64.41,,44.86,41.89,65.47,3260699,2929896,352,57,19,0,3,1.9454615453927373,0.6484871817975791,12.014078315407785,0.5836384636178212,0.7781846181570949,100.0,Exact
Ambedkar Nagar,Uttar Pradesh,908,71.64,29.15,1096.59,94.15,100.0,63.55,32.2,23.0,78.51,44.47,92.17,87.86,75.07,,,31.05,54.87,2397888,2117158,272,28,10,0,1,1.3225276526362229,0.4723313045129366,12.84741148275188,0.3967582957908668,0.5667975654155241,100.0,Exact
Bahraich,Uttar Pradesh,956,48.21,41.02,1012.24,77.75,100.0,44.16,38.2,10.11,41.64,34.27,67.67,70.72,51.77,65.64,60.79,52.11,71.67,3487731,3203687,319,56,14,0,2,1.747985992389394,0.4369964980973485,9.957277349503867,0.5243957977168181,0.5243957977168181,100.0,Exact
Balrampur,Uttar Pradesh,979,53.06,38.92,1074.88,78.37,99.77,59.65,39.61,12.99,44.94,40.97,69.71,67.4,57.37,,64.25,41.15,75.42,2148665,1982274,215,26,9,0,3,1.31162493177028,0.4540240148435585,10.846129243485008,0.393487479531084,0.5448288178122701,100.0,Exact
Gonda,Uttar Pradesh,972,61.73,32.43,1077.62,88.93,100.0,44.57,56.17,13.37,60.39,41.68,81.77,82.55,59.94,78.05,58.1,45.9,61.98,3433919,3208890,322,52,16,0,2,1.6204980538441642,0.4986147857982044,10.034622564188863,0.4861494161532493,0.5983377429578453,100.0,Exact
Siddharthnagar,Uttar Pradesh,949,57.67,40.97,1176.96,90.73,99.87,42.81,50.55,12.17,49.14,60.86,69.74,67.62,65.12,,51.04,37.17,75.81,2559297,2398606,278,64,8,0,1,2.6682164557247003,0.3335270569655875,11.590065229554169,0.8004649367174099,0.4002324683587049,100.0,Exact
Basti,Uttar Pradesh,979,64.36,31.74,1098.17,94.62,100.0,64.15,57.01,15.84,65.27,31.46,93.18,92.01,73.81,60.12,53.7,35.88,58.35,2464464,2326367,273,41,14,0,3,1.7624046420878563,0.6017967070543899,11.735035787560603,0.5287213926263569,0.7221560484652679,100.0,Exact
Mahrajganj,Uttar Pradesh,946,62.42,32.37,1115.97,94.82,100.0,66.73,65.06,18.16,64.13,52.52,93.26,91.97,76.15,,63.13,40.46,60.46,2684703,2549973,291,40,12,0,1,1.5686440601527938,0.4705932180458381,11.411885537611576,0.4705932180458381,0.5647118616550058,95.23809523809524,Fuzzy
Gorakhpur,Uttar Pradesh,958,67.59,30.53,1089.38,94.85,99.78,69.63,66.8,17.94,70.14,56.32,91.59,84.1,67.7,,,29.59,67.43,4440895,3604766,532,85,15,0,2,2.357989395150753,0.4161157756148388,14.75823950847295,0.707396818545226,0.4993389307378065,100.0,Exact
Kushinagar,Uttar Pradesh,946,63.68,34.9,1145.48,91.49,100.0,73.08,55.19,15.63,64.41,35.79,89.43,93.12,65.41,,75.27,32.18,52.75,3564544,3396437,367,55,16,0,1,1.6193440361178493,0.4710819014161016,10.805441113731831,0.4858032108353548,0.565298281699322,100.0,Exact
Azamgarh,Uttar Pradesh,902,71.15,29.34,1140.81,96.47,100.0,72.76,37.57,9.0,78.9,38.48,93.23,89.76,64.46,,,33.38,58.87,4613913,4220512,492,75,19,0,4,1.7770355824127495,0.4501823475445632,11.65735342062764,0.533110674723825,0.5402188170534761,100.0,Exact
Mau,Uttar Pradesh,960,68.8,27.17,989.14,94.24,99.8,75.09,54.15,15.97,74.44,43.2,94.74,90.66,59.08,,,25.42,62.66,2205968,1706760,225,43,6,0,2,2.5193934706695726,0.3515432749771497,13.182872811643112,0.7558180412008718,0.4218519299725796,100.0,Exact
Ballia,Uttar Pradesh,959,68.14,29.02,1008.55,89.12,99.82,61.66,53.79,10.59,73.3,30.52,89.96,93.14,62.22,,55.07,43.8,71.55,3239774,2935665,367,77,14,0,2,2.622915080569479,0.4768936510126325,12.501426422974012,0.7868745241708437,0.572272381215159,100.0,Exact
Jaunpur,Uttar Pradesh,977,69.94,29.33,1065.74,98.17,99.08,62.62,55.24,12.02,77.28,47.58,88.77,86.68,75.12,,,40.52,65.33,4494204,4147624,507,83,22,0,2,2.0011457161979966,0.530424165739228,12.223866001354027,0.6003437148593991,0.6365089988870737,100.0,Exact
Ghazipur,Uttar Pradesh,966,69.65,29.61,1052.7,91.77,99.32,64.05,39.31,10.64,75.84,29.22,88.32,90.51,60.82,,61.76,39.31,71.62,3620268,3345908,399,60,17,0,2,1.7932351995332807,0.5080833065344295,11.925014076896316,0.5379705598599842,0.6096999678413154,100.0,Exact
Chandauli,Uttar Pradesh,950,68.79,30.51,985.59,91.86,97.49,66.7,42.34,28.05,73.85,32.91,86.24,85.06,70.58,,,39.48,64.61,1952756,1710203,248,30,4,0,4,1.7541777204226632,0.2338903627230217,14.50120248882735,0.526253316126799,0.2806684352676261,100.0,Exact
Mirzapur,Uttar Pradesh,942,69.03,31.88,1002.61,92.67,96.94,72.33,42.51,15.0,73.39,36.51,91.09,88.55,68.27,,,43.4,59.76,2496970,2149403,263,39,16,0,2,1.8144573167526048,0.7443927453344023,12.235955751434236,0.5443371950257816,0.8932712944012826,100.0,Exact
Sonbhadra,Uttar Pradesh,952,62.09,31.79,994.9,82.87,89.58,70.56,30.44,19.66,64.8,36.38,76.76,77.08,72.69,,,38.26,62.96,1862559,1548217,173,31,7,0,2,2.002303294693186,0.4521330020274935,11.174144192965198,0.6006909884079558,0.5425596024329923,100.0,Exact
Etah,Uttar Pradesh,953,67.99,33.15,1047.06,87.98,99.82,62.72,39.62,12.78,70.8,33.6,76.69,80.79,55.49,,46.51,48.77,77.4,1774480,1506338,191,34,4,0,2,2.2571295419753072,0.2655446519970949,12.679757132861283,0.6771388625925922,0.3186535823965139,100.0,Exact
Budaun,Uttar Pradesh,944,54.92,35.34,933.36,80.66,99.83,69.66,39.84,13.55,52.39,40.57,72.31,73.07,69.52,53.99,50.01,51.79,72.17,3681896,3037301,291,51,14,0,2,1.679122352377983,0.4609355477116031,9.580874598862607,0.5037367057133949,0.5531226572539238,100.0,Exact
Ghaziabad,Uttar Pradesh,716,78.93,24.89,930.39,99.92,99.13,84.51,92.4,20.0,81.78,62.0,86.44,88.01,68.51,,,28.15,61.78,4681645,1519098,146,66,4,0,3,4.344683489807768,0.2633141508974405,9.610966507756578,1.3034050469423302,0.3159769810769285,100.0,Exact
Moradabad,Uttar Pradesh,953,67.6,29.38,1001.91,96.04,99.8,78.99,58.28,17.07,69.41,33.15,80.26,85.59,84.5,,,34.69,67.55,4772006,3198383,259,56,7,0,2,1.7508847439471755,0.2188605929933969,8.09784194075569,0.5252654231841527,0.2626327115920763,100.0,Exact
Muzaffarnagar,Uttar Pradesh,932,69.1,30.36,956.97,97.81,99.9,80.12,59.76,8.2,73.41,44.02,86.99,89.9,69.51,,,29.76,65.44,4143512,2952200,286,47,7,0,2,1.5920330600907795,0.237111306822031,9.687690535871551,0.4776099180272339,0.2845335681864372,100.0,Exact
Rae Bareli,Uttar Pradesh,985,66.43,30.42,1102.18,88.85,98.07,54.96,39.41,16.84,66.45,43.57,89.51,90.77,71.41,,,47.02,76.43,3405559,3097564,352,53,19,0,2,1.7110219514431342,0.6133852278758405,11.363768432226095,0.5133065854329402,0.7360622734510086,100.0,Exact
Sultanpur,Uttar Pradesh,922,68.91,31.43,1151.21,94.25,99.51,65.08,33.68,20.65,74.94,47.0,86.96,83.7,80.24,,,33.4,62.27,3797117,3597201,246,45,14,0,2,1.250972631220774,0.3891914852686853,6.838650384006899,0.3752917893662322,0.4670297823224223,100.0,Exact
Uttarkashi,Uttarakhand,947,69.02,24.95,1023.55,99.56,96.13,75.73,32.56,80.29,81.23,66.81,85.87,84.53,81.78,,,34.08,73.57,330086,305781,82,29,4,0,1,9.48391168843061,1.30812575012836,26.816577877631374,2.8451735065291825,1.5697509001540315,100.0,Exact
Chamoli,Uttarakhand,929,79.09,26.09,1087.25,99.45,94.43,87.59,37.44,71.12,90.45,52.22,73.94,75.31,85.01,,,34.06,65.47,391605,332209,111,39,5,1,1,11.73959766291702,1.5050766234509,33.41270104060998,3.5218792988751058,1.80609194814108,100.0,Exact
Rudraprayag,Uttarakhand,962,72.95,25.02,1242.27,99.46,93.89,86.82,35.07,76.64,87.17,76.51,86.62,85.8,91.44,,,25.15,52.35,242285,232360,75,38,2,0,1,16.35393355138578,0.8607333448097779,32.27750043036667,4.906180065415734,1.0328800137717336,100.0,Exact
Tehri Garhwal,Uttarakhand,947,62.2,25.73,1235.96,99.9,84.09,84.57,34.88,71.17,75.54,48.89,82.15,77.62,83.0,,,29.3,61.74,618931,548792,208,54,11,1,1,9.839793582996837,2.004402396536393,37.901427134506335,2.9519380748990507,2.405282875843671,100.0,Exact
Dehradun,Uttarakhand,872,82.9,23.09,914.91,99.65,98.95,83.92,88.79,67.31,87.59,75.26,91.73,92.71,,,,20.92,59.48,1696694,754753,181,57,5,4,1,7.552139574138824,0.662468383696388,23.98135548980925,2.265641872241647,0.7949620604356656,100.0,Exact
Pithoragarh,Uttarakhand,967,79.67,22.17,1043.11,99.64,90.92,84.46,45.91,72.84,89.1,58.71,84.89,83.24,96.02,,,25.64,36.15,483439,413834,161,54,4,0,1,13.048710352460166,0.9665711372192716,38.90448827307568,3.9146131057380495,1.1598853646631258,100.0,Exact
Bageshwar,Uttarakhand,975,73.92,24.6,1173.73,99.82,92.03,88.47,34.59,71.93,87.78,67.93,82.01,84.97,,,,23.57,43.71,259898,250819,89,29,3,0,1,11.56212248673346,1.196081636558634,35.48375521790614,3.4686367460200387,1.435297963870361,100.0,Exact
Almora,Uttarakhand,975,72.29,23.16,1330.9,99.88,93.31,89.23,35.85,65.98,88.02,44.33,80.1,85.44,,,,26.01,57.71,622506,560192,203,65,9,2,1,11.603164629269964,1.6065920255912258,36.23757568833543,3.480949388780989,1.927910430709471,100.0,Exact
Champawat,Uttarakhand,979,75.89,27.58,1111.82,99.55,95.39,82.68,39.81,65.67,84.73,62.03,79.84,80.74,91.89,,,24.9,43.08,259648,221305,66,18,1,1,1,8.133571315605161,0.4518650730891755,29.82309482388559,2.4400713946815484,0.5422380877070108,100.0,Exact
Nainital,Uttarakhand,939,80.27,25.79,1014.37,99.05,92.98,82.4,71.56,60.79,85.4,59.74,81.23,83.9,74.05,,,23.15,59.75,954605,582871,136,48,10,4,1,8.235098332221023,1.7156454858793797,23.332778607959565,2.470529499666307,2.058774583055256,100.0,Exact
Udham Singh Nagar,Uttarakhand,940,70.46,27.87,956.8,99.59,99.91,70.88,63.99,59.03,72.26,75.92,85.14,81.55,83.19,,,26.8,60.81,1648902,1062142,154,41,5,2,1,3.860124164188969,0.4707468492913376,14.4990029581732,1.1580372492566908,0.5648962191496052,96.55172413793105,Fuzzy
Hardwar,Uttarakhand,843,73.91,31.04,945.6,99.7,99.59,69.82,61.53,46.64,76.39,48.46,79.84,83.15,76.51,,77.82,31.07,63.14,1890422,1197328,160,41,8,2,1,3.4242914222335066,0.6681544238504403,13.363088477008809,1.027287426670052,0.8017853086205284,93.33333333333331,Fuzzy
Jalpaiguri,West Bengal,919,73.73,22.61,1037.78,97.41,95.2,73.17,42.7,35.78,73.6,88.39,95.84,97.67,87.87,,,28.89,67.38,3872846,2812495,301,27,7,1,1,0.9600017066697006,0.2488893313588113,10.702241248428887,0.2880005120009102,0.2986671976305736,100.0,Exact
Uttar Dinajpur,West Bengal,922,68.1,29.22,1092.72,96.89,99.77,63.78,27.21,20.96,65.35,70.08,76.89,84.72,84.4,,84.13,44.76,77.21,3007134,2644906,344,24,9,2,0,0.9074046487852496,0.3402767432944686,13.006133299255248,0.2722213946355749,0.4083320919533624,100.0,Exact
Dakshin Dinajpur,West Bengal,920,77.74,23.36,1106.27,96.54,99.73,79.03,28.7,28.25,74.31,76.37,91.4,94.04,92.55,,,31.93,72.48,1676276,1439981,248,22,8,1,1,1.5277979362227694,0.5555628858991889,17.22244946287486,0.4583393808668309,0.6666754630790267,100.0,Exact
Maldah,West Bengal,911,71.34,30.15,1061.79,98.13,99.04,61.98,29.6,28.96,72.25,82.75,87.68,88.92,87.2,,64.97,40.54,71.04,3988845,3447185,511,40,16,1,0,1.1603670821264307,0.4641468328505722,14.823689474165151,0.3481101246379292,0.5569761994206868,90.9090909090909,Fuzzy
Murshidabad,West Bengal,917,74.66,29.32,1102.84,96.66,99.1,69.66,30.71,28.39,67.55,66.85,86.99,92.28,89.95,,83.02,39.75,72.07,7103807,5703115,832,83,27,4,0,1.455345017591264,0.4734254876501701,14.58851873055339,0.4366035052773791,0.5681105851802041,100.0,Exact
Birbhum,West Bengal,922,73.63,25.66,1033.15,97.78,99.38,55.04,28.13,37.67,70.79,78.38,90.31,92.2,81.55,,78.9,36.99,76.54,3502404,3052956,484,62,19,1,1,2.0308186557552745,0.6223476525701648,15.853487570734725,0.6092455967265824,0.7468171830841978,100.0,Exact
Nadia,West Bengal,919,77.55,21.49,1070.93,98.17,98.22,78.4,34.22,23.03,76.15,71.15,97.73,98.57,,,,26.07,63.58,5167600,3728727,469,64,17,5,1,1.716403480329882,0.4559196744626249,12.578019254292416,0.5149210440989647,0.5471036093551499,100.0,Exact
Bankura,West Bengal,889,68.66,22.56,1053.13,92.34,96.26,49.2,20.82,43.43,68.3,75.66,93.28,93.81,,,71.12,30.34,67.08,3596674,3296901,564,73,22,1,1,2.214200547726486,0.6672933157531876,17.106974094763537,0.6642601643179459,0.8007519789038252,100.0,Exact
Puruliya,West Bengal,912,63.55,25.36,1064.8,88.58,87.57,29.24,23.17,35.58,60.95,57.77,89.76,91.41,84.66,,66.68,36.91,77.85,2930115,2556801,485,56,20,1,0,2.1902369406144637,0.7822274787908797,18.969016360678832,0.657071082184339,0.9386729745490556,93.33333333333331,Fuzzy
Kolkata,West Bengal,879,87.22,15.98,953.75,99.59,99.25,60.87,91.71,21.08,87.6,71.74,97.47,99.32,,,,29.63,72.28,4496694,0,0,144,0,0,0,,,,,,100.0,Exact
Paschim Medinipur,West Bengal,910,72.1,23.43,1088.57,95.41,95.53,58.33,17.46,25.75,70.85,63.09,87.58,95.1,76.93,,72.14,31.07,65.98,5913457,5190771,639,67,21,2,0,1.2907523757068071,0.4045641774603426,12.310309971293282,0.3872257127120422,0.4854770129524111,100.0,Exact
Purba Medinipur,West Bengal,873,83.04,23.85,1031.4,98.97,87.79,69.78,17.01,21.53,77.0,56.81,91.48,94.61,88.37,,72.45,25.77,67.47,5095875,4503161,706,59,24,4,2,1.3101907748801342,0.532958959273275,15.677876051955504,0.3930572324640402,0.6395507511279299,100.0,Exact
